,dataset,metric,mean,std,cv
0,ace_inhibitory_activity_subsampled,LevEntr,1.296825399590806,0.1394767957418254,0.10755248608319612
1,ace_inhibitory_activity_subsampled,LevMean,9.96610705581457,0.0711730071376043,0.007141505378078346
2,ace_inhibitory_activity_subsampled,LevStd,5.8953380809511255,0.16551601056696835,0.028075745325239227
3,ace_inhibitory_activity_subsampled,LevMed,8.0,0.0,0.0
4,ace_inhibitory_activity_subsampled,LevMax,71.57,14.417527527284282,0.20144652126986562
5,ace_inhibitory_activity_subsampled,LenEntr,2.3883724506082493,0.011694322949512243,0.004896356490183948
6,ace_inhibitory_activity_subsampled,LenMean,8.804114533205006,0.049002097956640706,0.005565817865252399
7,ace_inhibitory_activity_subsampled,LenStd,5.519463143175767,0.1177455319921131,0.0213327870732669
8,ace_inhibitory_activity_subsampled,LenMed,6.965,0.17684739183827394,0.025390867457038613
9,ace_inhibitory_activity_subsampled,LenMin,5.0,0.0,0.0
10,ace_inhibitory_activity_subsampled,LenMax,73.36,14.825329675929641,0.2020900991811565
11,ace_inhibitory_activity_subsampled,ShEntrEntr,2.8754924003712903,0.05295335369870567,0.018415403807663763
12,ace_inhibitory_activity_subsampled,ShEntrMean,2.5013004475490526,0.005067499100047632,0.002025945785526532
13,ace_inhibitory_activity_subsampled,ShEntrStd,0.5450079578815266,0.004052236742330658,0.0074351882091445165
14,ace_inhibitory_activity_subsampled,ShEntrMed,2.400126819607138,0.025188810294770943,0.010494783062710806
15,ace_inhibitory_activity_subsampled,ShEntrMin,0.6086884801494641,0.034229093235612726,0.05623417290106712
16,ace_inhibitory_activity_subsampled,ShEntrMax,4.093156454292386,0.008474960459292082,0.0020705195498707633
17,ace_inhibitory_activity_subsampled,TriEntr,2.3899886645181017,0.01168838650819914,0.004890561483293015
18,ace_inhibitory_activity_subsampled,TriMean,6.781871992300288,0.04893354560782439,0.007215344917064266
19,ace_inhibitory_activity_subsampled,TriStd,5.494577660288517,0.11617522704742556,0.021143613618762696
20,ace_inhibitory_activity_subsampled,TriMed,4.92,0.27129319932501067,0.05514089417175014
21,ace_inhibitory_activity_subsampled,TriMin,2.01,0.09949874371066199,0.04950186254261791
22,ace_inhibitory_activity_subsampled,TriMax,70.39,14.76339730549849,0.20973714029689572
23,ace_inhibitory_activity_subsampled,NTriEntr,0.11250894878176444,0.008204746092949978,0.07292527556065666
24,ace_inhibitory_activity_subsampled,NTriMean,0.9973796703589984,0.0002492953356357762,0.0002499502877836325
25,ace_inhibitory_activity_subsampled,NTriStd,0.022874838048069265,0.0016193521978397603,0.07079185410785632
26,ace_inhibitory_activity_subsampled,NTriMed,1.0,0.0,0.0
27,ace_inhibitory_activity_subsampled,NTriMin,0.5358333333333334,0.06997519401743575,0.13059134186768723
28,ace_vaxinpad_subsampled,LevEntr,2.2653609317711,0.009543625141987682,0.004212849708909875
29,ace_vaxinpad_subsampled,LevMean,13.841965289256201,0.13415054293485051,0.009691582093402222
30,ace_vaxinpad_subsampled,LevStd,6.053179494495136,0.07666817003811621,0.012665768478836544
31,ace_vaxinpad_subsampled,LevMed,13.87,0.33630343441600474,0.024246822957174098
32,ace_vaxinpad_subsampled,LevMax,29.94,0.23748684174075832,0.007932092242510298
33,ace_vaxinpad_subsampled,LenEntr,2.105350151822502,0.010372330485561859,0.004926653400900094
34,ace_vaxinpad_subsampled,LenMean,11.91138181818182,0.11851132247055136,0.00994941848725333
35,ace_vaxinpad_subsampled,LenStd,7.003353727034744,0.07915637089562395,0.011302637847644341
36,ace_vaxinpad_subsampled,LenMed,10.425,0.48153400710645544,0.0461903124322739
37,ace_vaxinpad_subsampled,LenMin,3.0,0.0,0.0
38,ace_vaxinpad_subsampled,LenMax,30.0,0.0,0.0
39,ace_vaxinpad_subsampled,ShEntrEntr,2.359058586246436,0.04095510235869765,0.017360782219428664
40,ace_vaxinpad_subsampled,ShEntrMean,2.4493059260809646,0.012679224474617798,0.005176660187527212
41,ace_vaxinpad_subsampled,ShEntrStd,0.6910096515879646,0.009301518952421834,0.013460765607320556
42,ace_vaxinpad_subsampled,ShEntrMed,2.485524836488089,0.028027550389304882,0.01127631073238692
43,ace_vaxinpad_subsampled,ShEntrMin,0.014069867807678436,0.08000465501493846,5.686240703077326
44,ace_vaxinpad_subsampled,ShEntrMax,3.9067795115950634,0.03461218769561118,0.008859519098245625
45,ace_vaxinpad_subsampled,TriEntr,2.0626026651469664,0.011861508712428206,0.00575074827200567
46,ace_vaxinpad_subsampled,TriMean,9.5374,0.11042944121747303,0.011578568710285092
47,ace_vaxinpad_subsampled,TriStd,6.741927415845311,0.07473241832969549,0.011084726031617392
48,ace_vaxinpad_subsampled,TriMed,8.38,0.4589117562233506,0.054762739406127754
49,ace_vaxinpad_subsampled,TriMin,1.0,0.0,0.0
50,ace_vaxinpad_subsampled,TriMax,27.98,0.19899748742132398,0.007112133217345389
51,ace_vaxinpad_subsampled,NTriEntr,0.4848107192150455,0.021567101763449545,0.044485612443488726
52,ace_vaxinpad_subsampled,NTriMean,0.9703996339220292,0.0018690917698997373,0.001926105188586579
53,ace_vaxinpad_subsampled,NTriStd,0.1022409233310825,0.005070060338300749,0.04958934419911863
54,ace_vaxinpad_subsampled,NTriMed,1.0,0.0,0.0
55,ace_vaxinpad_subsampled,NTriMin,0.13583333333333333,0.025426910503987266,0.1871919791704584
56,acp_anticp_subsampled,LevEntr,1.7681607895994211,0.047946509507921876,0.027116600362337078
57,acp_anticp_subsampled,LevMean,28.353276898844673,0.3475448608253721,0.012257661153781267
58,acp_anticp_subsampled,LevStd,11.872195681558887,0.4128479860265666,0.034774358265324455
59,acp_anticp_subsampled,LevMed,26.91,0.44933283877321933,0.01669761571063617
60,acp_anticp_subsampled,LevMax,91.33,5.008103433436654,0.05483525055772095
61,acp_anticp_subsampled,LenEntr,2.1964808416093775,0.04701540186359211,0.02140487682521446
62,acp_anticp_subsampled,LenMean,26.04114206128135,0.33236435785340124,0.01276304845122631
63,acp_anticp_subsampled,LenStd,13.954762116503106,0.3007026937826807,0.021548392675720736
64,acp_anticp_subsampled,LenMed,25.07,0.2917190429162964,0.011636180411499657
65,acp_anticp_subsampled,LenMin,5.0,0.0,0.0
66,acp_anticp_subsampled,LenMax,94.13,5.404914430404981,0.05741967949011984
67,acp_anticp_subsampled,ShEntrEntr,2.3018744709959145,0.03114797354173964,0.013531569133856095
68,acp_anticp_subsampled,ShEntrMean,3.2111602412634874,0.012919268367234909,0.004023240011887913
69,acp_anticp_subsampled,ShEntrStd,0.5207474547030638,0.010299651614461293,0.019778592331928482
70,acp_anticp_subsampled,ShEntrMed,3.2900648847968244,0.013808378413420665,0.004196992733252248
71,acp_anticp_subsampled,ShEntrMin,1.0701675072437733,0.15905075808454974,0.14862230165648227
72,acp_anticp_subsampled,ShEntrMax,4.029328994390845,0.004432093972516653,0.0010999583252413714
73,acp_anticp_subsampled,TriEntr,2.2052160299049035,0.057545267572937674,0.02609507041150033
74,acp_anticp_subsampled,TriMean,23.630306406685236,0.3291437509925357,0.013928882060514366
75,acp_anticp_subsampled,TriStd,13.76230410427512,0.2922283225668233,0.021233967826364594
76,acp_anticp_subsampled,TriMed,22.69,0.4624932431938872,0.020383131035429138
77,acp_anticp_subsampled,TriMin,3.0,0.0,0.0
78,acp_anticp_subsampled,TriMax,90.91,5.819097868226655,0.06400943645612865
79,acp_anticp_subsampled,NTriEntr,0.36642321967969615,0.03040540595982634,0.08297892799043906
80,acp_anticp_subsampled,NTriMean,0.982715463643806,0.0011604133968101283,0.0011808233814775205
81,acp_anticp_subsampled,NTriStd,0.05697225105991558,0.0042157402377254434,0.07399637822440801
82,acp_anticp_subsampled,NTriMed,1.0,0.0,0.0
83,acp_anticp_subsampled,NTriMin,0.43349999999999994,0.03919289901670113,0.09041037835455856
84,acp_iacp_subsampled,LevEntr,1.3808515728877222,0.038554195154852096,0.027920593285942513
85,acp_iacp_subsampled,LevMean,25.642382280991736,0.34410252105996947,0.013419288320767562
86,acp_iacp_subsampled,LevStd,10.248425092561188,0.6959688380613985,0.06790983314758937
87,acp_iacp_subsampled,LevMed,24.23,0.4208325082500163,0.017368242189435258
88,acp_iacp_subsampled,LevMax,89.65,4.695476546635071,0.05237564469196955
89,acp_iacp_subsampled,LenEntr,2.112856976379304,0.04008416731417977,0.018971547890984073
90,acp_iacp_subsampled,LenMean,25.47469090909091,0.26829534484615214,0.010531839063468603
91,acp_iacp_subsampled,LenStd,10.630032369835952,0.5326501166979972,0.05010804277599931
92,acp_iacp_subsampled,LenMed,24.61,0.4877499359302879,0.019819176592047457
93,acp_iacp_subsampled,LenMin,11.0,0.0,0.0
94,acp_iacp_subsampled,LenMax,94.39,5.220909882386403,0.055312108087577104
95,acp_iacp_subsampled,ShEntrEntr,2.228739874957251,0.023344318505235717,0.010474223020613151
96,acp_iacp_subsampled,ShEntrMean,3.2333805142727283,0.010217403594088193,0.003159975619629895
97,acp_iacp_subsampled,ShEntrStd,0.376628243384683,0.009918089486878464,0.026333897314090336
98,acp_iacp_subsampled,ShEntrMed,3.2948116843595265,0.01121434766304683,0.003403638428345191
99,acp_iacp_subsampled,ShEntrMin,1.6291163186341562,0.13901332085305637,0.08533050664522501
100,acp_iacp_subsampled,ShEntrMax,3.9818824572186764,0.002419003150989507,0.0006075024004297625
101,acp_iacp_subsampled,TriEntr,2.176862665734516,0.029961491585298074,0.013763611300296926
102,acp_iacp_subsampled,TriMean,22.92014545454546,0.26392682181378857,0.011515058765102528
103,acp_iacp_subsampled,TriStd,10.33587499716706,0.5188617962404977,0.05020008430662246
104,acp_iacp_subsampled,TriMed,22.05,0.2179449471770337,0.009884124588527604
105,acp_iacp_subsampled,TriMin,5.88,1.6569852141766386,0.2818002064926256
106,acp_iacp_subsampled,TriMax,91.19,5.620845132184305,0.061638832461720645
107,acp_iacp_subsampled,NTriEntr,1.3214698322889384,0.03878508422838591,0.029349958115355283
108,acp_iacp_subsampled,NTriMean,0.9781141652641291,0.0012613640686281883,0.001289587773516776
109,acp_iacp_subsampled,NTriStd,0.05225059772042472,0.005090200650679004,0.09741899371017622
110,acp_iacp_subsampled,NTriMed,1.0,0.0,0.0
111,acp_iacp_subsampled,NTriMin,0.4745495495495495,0.10929273069176713,0.2303083646281187
112,acp_mlacp_subsampled,LevEntr,2.025034427857972,0.011562361545858145,0.005709711097647118
113,acp_mlacp_subsampled,LevMean,25.77871374826503,0.20556225413078258,0.007974108256065236
114,acp_mlacp_subsampled,LevStd,7.577613064307099,0.1032753345866341,0.013629006088090307
115,acp_mlacp_subsampled,LevMed,25.01,0.09949874371066197,0.003978358405064453
116,acp_mlacp_subsampled,LevMax,48.61,0.6766830868286867,0.013920655972612358
117,acp_mlacp_subsampled,LenEntr,2.314016699011097,0.04216164083217129,0.01822011087914327
118,acp_mlacp_subsampled,LenMean,26.503653846153853,0.20559271102793994,0.007757145947549231
119,acp_mlacp_subsampled,LenStd,9.224749856444161,0.11766530818671056,0.0127553928310059
120,acp_mlacp_subsampled,LenMed,25.205,0.3680692869555948,0.014603026659614951
121,acp_mlacp_subsampled,LenMin,11.0,0.0,0.0
122,acp_mlacp_subsampled,LenMax,50.0,0.0,0.0
123,acp_mlacp_subsampled,ShEntrEntr,2.461233768543563,0.032203475395459646,0.013084281471774246
124,acp_mlacp_subsampled,ShEntrMean,3.245199173255921,0.008795079279882838,0.002710181659222691
125,acp_mlacp_subsampled,ShEntrStd,0.41080331698260264,0.009893251923242828,0.02408269727691075
126,acp_mlacp_subsampled,ShEntrMed,3.281855108418587,0.011954689401861413,0.003642662155070571
127,acp_mlacp_subsampled,ShEntrMin,1.2268195892088571,0.0851486299649328,0.06940599148717772
128,acp_mlacp_subsampled,ShEntrMax,4.0277613220932516,0.006724222053550424,0.0016694688477855997
129,acp_mlacp_subsampled,TriEntr,2.3353857985178292,0.039150335750049316,0.016763969265761736
130,acp_mlacp_subsampled,TriMean,24.003910256410254,0.20169628538225604,0.008402642870587843
131,acp_mlacp_subsampled,TriStd,9.241266722499699,0.11939104002821407,0.012919337100998598
132,acp_mlacp_subsampled,TriMed,23.02,0.13999999999999999,0.006081668114682884
133,acp_mlacp_subsampled,TriMin,5.29,0.667757440991862,0.12623014007407599
134,acp_mlacp_subsampled,TriMax,47.94,0.23748684174075835,0.004953834829803053
135,acp_mlacp_subsampled,NTriEntr,1.1116982496039405,0.36210235678152686,0.32572000262709
136,acp_mlacp_subsampled,NTriMean,0.9787627927913727,0.0013536930137912717,0.0013830654615819842
137,acp_mlacp_subsampled,NTriStd,0.0629510323091633,0.004998001863043023,0.07939507391232252
138,acp_mlacp_subsampled,NTriMed,1.0,0.0,0.0
139,acp_mlacp_subsampled,NTriMin,0.33009649122807033,0.03292681360020626,0.09974905664009757
140,afp_amppred_subsampled,LevEntr,1.8369937841246775,0.01594495960641721,0.008679920282917527
141,afp_amppred_subsampled,LevMean,31.4366533118138,0.1840071224641027,0.005853266905957619
142,afp_amppred_subsampled,LevStd,13.78226134162158,0.20056356170389164,0.014552297096428005
143,afp_amppred_subsampled,LevMed,29.01,0.09949874371066196,0.003429808469860805
144,afp_amppred_subsampled,LevMax,94.34,0.9079647570252933,0.009624387926916401
145,afp_amppred_subsampled,LenEntr,2.8038188273821993,0.017825271695661345,0.006357497681939744
146,afp_amppred_subsampled,LenMean,29.544396313364054,0.15412009869143845,0.00521655941305269
147,afp_amppred_subsampled,LenStd,15.122561149360031,0.17282144257578247,0.011428053811050125
148,afp_amppred_subsampled,LenMed,25.05,0.21794494717703372,0.008700397092895558
149,afp_amppred_subsampled,LenMin,10.0,0.0,0.0
150,afp_amppred_subsampled,LenMax,98.78,0.4377213725647859,0.00443127528411405
151,afp_amppred_subsampled,ShEntrEntr,2.9755795824672475,0.010938207728689926,0.0036759923320956326
152,afp_amppred_subsampled,ShEntrMean,3.298595109825359,0.004359867066639725,0.0013217345328783178
153,afp_amppred_subsampled,ShEntrStd,0.4341111079981041,0.00453325960340883,0.010442625217110613
154,afp_amppred_subsampled,ShEntrMed,3.361693156140795,0.006254567600226319,0.0018605408970182539
155,afp_amppred_subsampled,ShEntrMin,0.9884779461067162,0.006119190044268431,0.006190517520770061
156,afp_amppred_subsampled,ShEntrMax,4.15607489852413,0.003458362015527611,0.0008321221585192594
157,afp_amppred_subsampled,TriEntr,2.8081950697896194,0.028141410761926732,0.010021173765551476
158,afp_amppred_subsampled,TriMean,26.904410138248853,0.15472534327785364,0.005750928657524709
159,afp_amppred_subsampled,TriStd,14.841519123120927,0.17046304381437347,0.011485552280751156
160,afp_amppred_subsampled,TriMed,23.0,0.0,0.0
161,afp_amppred_subsampled,TriMin,2.04,0.27999999999999997,0.1372549019607843
162,afp_amppred_subsampled,TriMax,96.56,0.8639444426582072,0.008947229107893612
163,afp_amppred_subsampled,NTriEntr,0.2836529026969546,0.010685663679855696,0.03767161759409847
164,afp_amppred_subsampled,NTriMean,0.9789164142915926,0.0007737418103333482,0.0007904064116580147
165,afp_amppred_subsampled,NTriStd,0.07551894406686246,0.0030322099961465716,0.040151647161034636
166,afp_amppred_subsampled,NTriMed,1.0,0.0,0.0
167,afp_amppred_subsampled,NTriMin,0.15007936507936503,0.017209416642176487,0.11466877297272544
168,afp_antifp_subsampled,LevEntr,2.061787159982766,0.007026167284157177,0.0034078043653234832
169,afp_antifp_subsampled,LevMean,57.94505971736701,0.1834250042687971,0.003165498580266746
170,afp_antifp_subsampled,LevStd,16.48778284658771,0.11272086399261015,0.0068366295845495514
171,afp_antifp_subsampled,LevMed,57.9,0.29999999999999993,0.005181347150259067
172,afp_antifp_subsampled,LevMax,99.75,0.45552167895721496,0.0045666333730046615
173,afp_antifp_subsampled,LenEntr,2.85239620014591,0.015212710244872054,0.005333308971626687
174,afp_antifp_subsampled,LenMean,55.12368195456493,0.24660905072267245,0.004473740540879275
175,afp_antifp_subsampled,LenStd,25.031658746035937,0.12259998200906701,0.004897796955964102
176,afp_antifp_subsampled,LenMed,55.13,0.33630343441600474,0.006100189269290853
177,afp_antifp_subsampled,LenMin,4.0,0.0,0.0
178,afp_antifp_subsampled,LenMax,100.0,0.0,0.0
179,afp_antifp_subsampled,ShEntrEntr,3.070346942451278,0.016278040667468772,0.005301694229536433
180,afp_antifp_subsampled,ShEntrMean,3.636979299530198,0.004691380754990154,0.0012899113161287876
181,afp_antifp_subsampled,ShEntrStd,0.47100485706776885,0.006110613038753745,0.012973566932611359
182,afp_antifp_subsampled,ShEntrMed,3.7912049285409886,0.003279490735627247,0.0008650259739162477
183,afp_antifp_subsampled,ShEntrMin,1.0,0.0,0.0
184,afp_antifp_subsampled,ShEntrMax,4.2214655111804555,0.027828172475287846,0.006592064391284392
185,afp_antifp_subsampled,TriEntr,2.851948452519102,0.01977314915149504,0.006933207062010389
186,afp_antifp_subsampled,TriMean,52.25600942991856,0.2450236750861042,0.004688909041451198
187,afp_antifp_subsampled,TriStd,24.751264987525197,0.12348774339454782,0.004989148775094383
188,afp_antifp_subsampled,TriMed,52.73,0.4439594576084622,0.00841948525712995
189,afp_antifp_subsampled,TriMin,2.0,0.0,0.0
190,afp_antifp_subsampled,TriMax,98.0,0.0,0.0
191,afp_antifp_subsampled,NTriEntr,1.4361997695538324,0.015678330482550906,0.010916538781663718
192,afp_antifp_subsampled,NTriMean,0.9825360237516927,0.0006009434770789002,0.0006116248794464264
193,afp_antifp_subsampled,NTriStd,0.06081244564351926,0.0031976954782837524,0.05258291200831731
194,afp_antifp_subsampled,NTriMed,1.0,0.0,0.0
195,afp_antifp_subsampled,NTriMin,0.05277288964366234,0.020241968124654165,0.38356755260766895
196,aip_aippred_subsampled,LevEntr,1.6301447790615753,0.045327122438550055,0.02780558084211606
197,aip_aippred_subsampled,LevMean,15.400240907715492,0.04163583427336029,0.002703583309044264
198,aip_aippred_subsampled,LevStd,2.2837668167719083,0.02018828454323744,0.008839906243919187
199,aip_aippred_subsampled,LevMed,15.0,0.0,0.0
200,aip_aippred_subsampled,LevMax,24.83,0.375632799419859,0.015128183625447404
201,aip_aippred_subsampled,LenEntr,1.39029583801494,0.022432031842312614,0.0161347184023373
202,aip_aippred_subsampled,LenMean,16.371168057210966,0.03898211180665542,0.0023811441963351586
203,aip_aippred_subsampled,LenStd,2.4711336977966902,0.029590700599092943,0.011974544568542193
204,aip_aippred_subsampled,LenMed,15.0,0.0,0.0
205,aip_aippred_subsampled,LenMin,11.02,0.13999999999999999,0.012704174228675135
206,aip_aippred_subsampled,LenMax,24.99,0.09949874371066199,0.003981542365372629
207,aip_aippred_subsampled,ShEntrEntr,2.6632953350369233,0.024101402135464706,0.00904946658314579
208,aip_aippred_subsampled,ShEntrMean,3.1665142850685886,0.0051896818252234155,0.0016389257581103898
209,aip_aippred_subsampled,ShEntrStd,0.31966456221615763,0.006311190773841436,0.019743166806127855
210,aip_aippred_subsampled,ShEntrMed,3.1921333082219756,0.004851310765581871,0.0015197707292130792
211,aip_aippred_subsampled,ShEntrMin,1.06740108509934,0.289308269267018,0.2710398867920327
212,aip_aippred_subsampled,ShEntrMax,3.8712455630262492,0.02735314878784185,0.007065722993417967
213,aip_aippred_subsampled,TriEntr,1.5150255972292852,0.023649898192893273,0.015610230108418478
214,aip_aippred_subsampled,TriMean,14.270011918951134,0.040200775802520135,0.002817150821656423
215,aip_aippred_subsampled,TriStd,2.5097285234987776,0.029998558815732507,0.011952909860510305
216,aip_aippred_subsampled,TriMed,13.0,0.0,0.0
217,aip_aippred_subsampled,TriMin,5.79,1.4233411397131748,0.24582748526997836
218,aip_aippred_subsampled,TriMax,22.99,0.09949874371066199,0.004327914037001392
219,aip_aippred_subsampled,NTriEntr,0.22946799807337206,0.021901411430256024,0.0954442955625258
220,aip_aippred_subsampled,NTriMean,0.9931073374781266,0.0006456735711328144,0.0006501548692333928
221,aip_aippred_subsampled,NTriStd,0.03937101387816858,0.003470588408350645,0.08815085176851652
222,aip_aippred_subsampled,NTriMed,1.0,0.0,0.0
223,aip_aippred_subsampled,NTriMin,0.4294505494505495,0.0817500356930539,0.1903596020488205
224,aip_antiinflam_subsampled,LevEntr,1.5805878310937826,0.01342694895314079,0.008494908469495938
225,aip_antiinflam_subsampled,LevMean,15.56967610002214,0.0324098048681154,0.0020815978868095604
226,aip_antiinflam_subsampled,LevStd,2.740575276627485,0.028751872814581844,0.010491181563151044
227,aip_antiinflam_subsampled,LevMed,15.0,0.0,0.0
228,aip_antiinflam_subsampled,LevMax,29.95,0.2179449471770337,0.007276959838966067
229,aip_antiinflam_subsampled,LenEntr,1.93377354764745,0.016379106663485365,0.00847002312313741
230,aip_antiinflam_subsampled,LenMean,16.13205414949971,0.034889881221431406,0.0021627674255304567
231,aip_antiinflam_subsampled,LenStd,3.438747876495172,0.033540274125106725,0.009753629905339707
232,aip_antiinflam_subsampled,LenMed,15.0,0.0,0.0
233,aip_antiinflam_subsampled,LenMin,7.07,0.2551470164434615,0.03608868690855184
234,aip_antiinflam_subsampled,LenMax,30.0,0.0,0.0
235,aip_antiinflam_subsampled,ShEntrEntr,2.9102004253364693,0.032825703966125164,0.01127953376693289
236,aip_antiinflam_subsampled,ShEntrMean,3.080039083516641,0.0038458395284542185,0.0012486333530752549
237,aip_antiinflam_subsampled,ShEntrStd,0.36471227372977066,0.003205717028877587,0.008789715235229034
238,aip_antiinflam_subsampled,ShEntrMed,3.13985964987428,0.002296917164285207,0.0007315349793985777
239,aip_antiinflam_subsampled,ShEntrMin,0.9933519836142048,0.15387557483091494,0.1549053883911875
240,aip_antiinflam_subsampled,ShEntrMax,3.919185451959046,0.006064268575078468,0.001547328813452086
241,aip_antiinflam_subsampled,TriEntr,2.08430867243435,0.014535881693321552,0.006973958265185595
242,aip_antiinflam_subsampled,TriMean,13.97528546203649,0.03560130033071535,0.002547447093472644
243,aip_antiinflam_subsampled,TriStd,3.4345270190353308,0.03233028154273766,0.009413314078926186
244,aip_antiinflam_subsampled,TriMed,13.0,0.0,0.0
245,aip_antiinflam_subsampled,TriMin,3.26,0.6726068688320094,0.20632112540859185
246,aip_antiinflam_subsampled,TriMax,28.0,0.0,0.0
247,aip_antiinflam_subsampled,NTriEntr,0.2254591663811164,0.07028279615790271,0.31173181949540524
248,aip_antiinflam_subsampled,NTriMean,0.989618385554447,0.0004267441478471466,0.0004312209171498541
249,aip_antiinflam_subsampled,NTriStd,0.044843942003862096,0.0018081958284019938,0.040321964296677275
250,aip_antiinflam_subsampled,NTriMed,1.0,0.0,0.0
251,aip_antiinflam_subsampled,NTriMin,0.22444444444444447,0.14946819307377993,0.6659473948831778
252,amp_antibp2_subsampled,LevEntr,1.7274761492495003,0.02637782548214367,0.01526957434034819
253,amp_antibp2_subsampled,LevMean,30.96429601910552,0.18867873417736913,0.006093428833678344
254,amp_antibp2_subsampled,LevStd,12.108900716519777,0.21395243995767727,0.017669022561708592
255,amp_antibp2_subsampled,LevMed,29.57,0.49507575177946256,0.01674250090562944
256,amp_antibp2_subsampled,LevMax,93.06,1.434015341619468,0.01540957813904436
257,amp_antibp2_subsampled,LenEntr,2.751733810595307,0.011058519645942375,0.004018746145925353
258,amp_antibp2_subsampled,LenMean,29.729786700125477,0.15604217290649908,0.005248681212564519
259,amp_antibp2_subsampled,LenStd,13.773224570093067,0.1830101094914658,0.01328738296250906
260,amp_antibp2_subsampled,LenMed,27.05,0.2179449471770337,0.008057114498226754
261,amp_antibp2_subsampled,LenMin,6.0,0.0,0.0
262,amp_antibp2_subsampled,LenMax,93.99,0.09949874371066199,0.0010586098915912542
263,amp_antibp2_subsampled,ShEntrEntr,2.8367219972162925,0.012335170761327473,0.004348389011483013
264,amp_antibp2_subsampled,ShEntrMean,3.2985513837437055,0.005112438959829449,0.0015499042958751984
265,amp_antibp2_subsampled,ShEntrStd,0.4173973673528926,0.005804647776323756,0.013906766621784082
266,amp_antibp2_subsampled,ShEntrMed,3.36498832661305,0.006177796135920226,0.0018359041804279724
267,amp_antibp2_subsampled,ShEntrMin,0.3210125417459938,0.6044466309526961,1.8829377433825436
268,amp_antibp2_subsampled,ShEntrMax,4.155571579416479,0.004556342255373099,0.0010964417693926224
269,amp_antibp2_subsampled,TriEntr,2.7412359452936332,0.02014863960913814,0.007350202613434604
270,amp_antibp2_subsampled,TriMean,27.132829360100377,0.1503575493467828,0.005541535950831873
271,amp_antibp2_subsampled,TriStd,13.35419800317387,0.1758481665139736,0.013168006530394417
272,amp_antibp2_subsampled,TriMed,24.875,0.3191786333700926,0.012831301844023823
273,amp_antibp2_subsampled,TriMin,1.66,1.2427389106324784,0.7486378979713726
274,amp_antibp2_subsampled,TriMax,90.94,0.23748684174075835,0.0026114673602458584
275,amp_antibp2_subsampled,NTriEntr,0.49706001596018967,0.3966282397647646,0.7979483905954149
276,amp_antibp2_subsampled,NTriMean,0.9819927942567875,0.0007229876017355808,0.0007362453227396312
277,amp_antibp2_subsampled,NTriStd,0.05794250745987818,0.002948016104432133,0.050878297016632615
278,amp_antibp2_subsampled,NTriMed,1.0,0.0,0.0
279,amp_antibp2_subsampled,NTriMin,0.27088830584707646,0.039712163023833076,0.14659976885916823
280,amp_antibp_subsampled,LevEntr,1.174979206217357,0.005200493310784318,0.004426030080588754
281,amp_antibp_subsampled,LevMean,26.517897291251078,0.01814077091519906,0.000684095375887294
282,amp_antibp_subsampled,LevStd,2.239948760204201,0.019059499099774606,0.008508899595559088
283,amp_antibp_subsampled,LevMed,27.0,0.0,0.0
284,amp_antibp_subsampled,LevMax,30.0,0.0,0.0
285,amp_antibp_subsampled,LenEntr,0.0,0.0,
286,amp_antibp_subsampled,LenMean,30.0,0.0,0.0
287,amp_antibp_subsampled,LenStd,0.0,0.0,
288,amp_antibp_subsampled,LenMed,30.0,0.0,0.0
289,amp_antibp_subsampled,LenMin,30.0,0.0,0.0
290,amp_antibp_subsampled,LenMax,30.0,0.0,0.0
291,amp_antibp_subsampled,ShEntrEntr,2.520406774182631,0.026352818633318162,0.010455779957131877
292,amp_antibp_subsampled,ShEntrMean,3.3633640524274404,0.005762344765716981,0.0017132682266607817
293,amp_antibp_subsampled,ShEntrStd,0.33204928741557405,0.004553984373223323,0.013714784358274544
294,amp_antibp_subsampled,ShEntrMed,3.409963582649717,0.007536527525340848,0.002210148977451712
295,amp_antibp_subsampled,ShEntrMin,1.9224890645460715,0.014703420639246486,0.007648116657931776
296,amp_antibp_subsampled,ShEntrMax,4.010783316357478,0.011284102329262205,0.0028134410261560143
297,amp_antibp_subsampled,TriEntr,1.614307992290731,0.02782533500772342,0.017236695315023986
298,amp_antibp_subsampled,TriMean,25.95586357039187,0.06304870237397572,0.0024290735772666047
299,amp_antibp_subsampled,TriStd,3.577663675955815,0.06342002811546729,0.017726660150223283
300,amp_antibp_subsampled,TriMed,28.0,0.0,0.0
301,amp_antibp_subsampled,TriMin,7.53,2.974743686437539,0.3950522823954235
302,amp_antibp_subsampled,TriMax,28.0,0.0,0.0
303,amp_antibp_subsampled,NTriEntr,1.614307992290731,0.02782533500772342,0.017236695315023986
304,amp_antibp_subsampled,NTriMean,0.9269951275139955,0.0022517393704991383,0.00242907357726661
305,amp_antibp_subsampled,NTriStd,0.12777370271270766,0.0022650010041238315,0.017726660150223283
306,amp_antibp_subsampled,NTriMed,1.0,0.0,0.0
307,amp_antibp_subsampled,NTriMin,0.2689285714285715,0.10624084594419783,0.3950522823954234
308,amp_csamp_subsampled,LevEntr,2.1293721248839983,0.02546484428712602,0.011958851151258153
309,amp_csamp_subsampled,LevMean,48.495218487711256,0.8391423727534758,0.0173036105191714
310,amp_csamp_subsampled,LevStd,18.45664675114491,0.32591024283246445,0.017658150325288502
311,amp_csamp_subsampled,LevMed,47.61,2.4612801547162406,0.05169670562310944
312,amp_csamp_subsampled,LevMax,90.4,3.026549190084311,0.03347952643898574
313,amp_csamp_subsampled,LenEntr,2.019854220403879,0.05379045434973248,0.02663085969589272
314,amp_csamp_subsampled,LenMean,48.643312883435584,0.7297406214088892,0.015001869283812419
315,amp_csamp_subsampled,LenStd,20.345744345381593,0.42196744321435437,0.02073983807381023
316,amp_csamp_subsampled,LenMed,41.22,0.8195120499419151,0.01988141799956126
317,amp_csamp_subsampled,LenMin,16.3,0.7141428428542851,0.043812444346888656
318,amp_csamp_subsampled,LenMax,97.8,4.142463035441596,0.04235647275502654
319,amp_csamp_subsampled,ShEntrEntr,1.9922854777923407,0.05047957690380887,0.025337521889556455
320,amp_csamp_subsampled,ShEntrMean,3.618709730394503,0.012459757202410998,0.0034431491141050058
321,amp_csamp_subsampled,ShEntrStd,0.34325075898145824,0.013451418666202941,0.03918831441514616
322,amp_csamp_subsampled,ShEntrMed,3.6358976087935906,0.015033345517185845,0.004134699910367934
323,amp_csamp_subsampled,ShEntrMin,1.969133853028414,0.1702502941940009,0.08645948264622326
324,amp_csamp_subsampled,ShEntrMax,4.179856893148067,0.007388614420902613,0.0017676716236420871
325,amp_csamp_subsampled,TriEntr,1.962450153201937,0.05781862810214553,0.02946246966212546
326,amp_csamp_subsampled,TriMean,45.76147239263804,0.7176184994396941,0.015681717871366883
327,amp_csamp_subsampled,TriStd,19.812603461292895,0.4121334134050321,0.020801577854732772
328,amp_csamp_subsampled,TriMed,39.02,0.7208328516376039,0.018473420082972935
329,amp_csamp_subsampled,TriMin,9.92,1.9732207175072942,0.19891337878097723
330,amp_csamp_subsampled,TriMax,94.23,3.3342315456488625,0.03538397055766595
331,amp_csamp_subsampled,NTriEntr,1.3775061488314466,0.038103499613059255,0.027661219258718277
332,amp_csamp_subsampled,NTriMean,0.9813882108534991,0.0011533503077419398,0.0011752233163050611
333,amp_csamp_subsampled,NTriStd,0.03725276298050754,0.006411366853592842,0.17210446529691184
334,amp_csamp_subsampled,NTriMed,1.0,0.0,0.0
335,amp_csamp_subsampled,NTriMin,0.6188636363636364,0.12030261287233891,0.19439276409779332
336,amp_fernandes_subsampled,LevEntr,2.0872906164273375,0.030626724137333455,0.014672956365680874
337,amp_fernandes_subsampled,LevMean,33.596958363769176,0.5855397802351489,0.017428356873716064
338,amp_fernandes_subsampled,LevStd,16.526750855827395,0.3476529329569984,0.021035770187968598
339,amp_fernandes_subsampled,LevMed,29.92,1.0925200226998129,0.03651470664103652
340,amp_fernandes_subsampled,LevMax,88.76,0.4270831300812525,0.004811662123493155
341,amp_fernandes_subsampled,LenEntr,2.1387474659213277,0.019806189562781226,0.009260648991230544
342,amp_fernandes_subsampled,LenMean,47.56929729729731,0.716528388877372,0.015062833163147906
343,amp_fernandes_subsampled,LenStd,22.89661602160774,0.4594976495633154,0.020068365086337796
344,amp_fernandes_subsampled,LenMed,41.12,0.6823488843692792,0.016594087654894923
345,amp_fernandes_subsampled,LenMin,11.2,0.44721359549995787,0.03992978531249624
346,amp_fernandes_subsampled,LenMax,99.94,0.23748684174075835,0.002376294193923938
347,amp_fernandes_subsampled,ShEntrEntr,2.099524532243802,0.04807219880472269,0.02289670735752109
348,amp_fernandes_subsampled,ShEntrMean,1.457361325461614,0.005877005810785268,0.004032634672066481
349,amp_fernandes_subsampled,ShEntrStd,0.18008886238428182,0.004857548667358864,0.026973065424743512
350,amp_fernandes_subsampled,ShEntrMed,1.4735720827021777,0.006167872498240221,0.00418566052563226
351,amp_fernandes_subsampled,ShEntrMin,0.8681623712498147,0.029818651093401566,0.03434685962082687
352,amp_fernandes_subsampled,ShEntrMax,1.8348278870484975,0.0026612576593962635,0.001450412694390186
353,amp_fernandes_subsampled,TriEntr,2.1157244701968185,0.024892909506020855,0.011765666964992446
354,amp_fernandes_subsampled,TriMean,18.57448648648649,0.21007783871684707,0.011310021349429239
355,amp_fernandes_subsampled,TriStd,6.255087182466585,0.13411632464759143,0.02144115992875818
356,amp_fernandes_subsampled,TriMed,18.86,0.3746998799039039,0.019867437958849626
357,amp_fernandes_subsampled,TriMin,4.36,0.7683749084919419,0.17623277717705088
358,amp_fernandes_subsampled,TriMax,34.83,0.617332973362026,0.017724173797359345
359,amp_fernandes_subsampled,NTriEntr,2.048595774411963,0.033143502583550234,0.01617864441464245
360,amp_fernandes_subsampled,NTriMean,0.45843496707742853,0.004481488147016072,0.009775624611678366
361,amp_fernandes_subsampled,NTriStd,0.14227777867284305,0.0034780682366021103,0.024445618065205135
362,amp_fernandes_subsampled,NTriMed,0.45115578231042114,0.006409123212338207,0.014206009240347853
363,amp_fernandes_subsampled,NTriMin,0.16674755185030626,0.013108814303285336,0.07861473321691385
364,amp_gonzales_subsampled,LevEntr,2.016375577765082,0.04206232774949499,0.020860363621402412
365,amp_gonzales_subsampled,LevMean,30.758889622019037,0.72527658712454,0.02357941382270653
366,amp_gonzales_subsampled,LevStd,12.89642499514705,0.691382106345199,0.05361036927717313
367,amp_gonzales_subsampled,LevMed,30.1,0.8774964387392123,0.029152705605953896
368,amp_gonzales_subsampled,LevMax,76.0,5.019960159204453,0.06605210735795333
369,amp_gonzales_subsampled,LenEntr,1.8570385892308627,0.042748286071296764,0.02301960030297593
370,amp_gonzales_subsampled,LenMean,30.175631067961163,0.6186334250137595,0.020501093203998993
371,amp_gonzales_subsampled,LenStd,13.973870575821941,0.6124985990935954,0.04383170688251264
372,amp_gonzales_subsampled,LenMed,25.81,1.3906473312813714,0.05388017556301323
373,amp_gonzales_subsampled,LenMin,11.06,0.3411744421846396,0.030847598750871574
374,amp_gonzales_subsampled,LenMax,81.06,5.237976708615646,0.06461851355311678
375,amp_gonzales_subsampled,ShEntrEntr,2.0020557857467534,0.03337225917315984,0.016668995644750335
376,amp_gonzales_subsampled,ShEntrMean,3.0800304999776085,0.030853315140362433,0.010017210914173328
377,amp_gonzales_subsampled,ShEntrStd,0.6412518073330861,0.024568395366114732,0.03831317913674612
378,amp_gonzales_subsampled,ShEntrMed,3.2886944074522084,0.03265537831774776,0.009929587329169412
379,amp_gonzales_subsampled,ShEntrMin,1.3729500088750461,0.05251064040186405,0.03824657858073776
380,amp_gonzales_subsampled,ShEntrMax,4.021344419804228,0.059405498339545774,0.014772546725166561
381,amp_gonzales_subsampled,TriEntr,1.9449176896377935,0.04767599277245702,0.024513115915633342
382,amp_gonzales_subsampled,TriMean,26.749902912621366,0.6341138146331212,0.023705275368828656
383,amp_gonzales_subsampled,TriStd,14.63808109518545,0.607550354925379,0.04150478132855855
384,amp_gonzales_subsampled,TriMed,23.45,1.2278029157808674,0.05235833329555938
385,amp_gonzales_subsampled,TriMin,5.0,0.0,0.0
386,amp_gonzales_subsampled,TriMax,76.76,4.0077924097937005,0.05221199074770323
387,amp_gonzales_subsampled,NTriEntr,1.5319165243074713,0.04965383251738282,0.03241288394602942
388,amp_gonzales_subsampled,NTriMean,0.9290910541237686,0.007340722489349674,0.00790097209177496
389,amp_gonzales_subsampled,NTriStd,0.15615344407547438,0.011850600952299188,0.07589074338041102
390,amp_gonzales_subsampled,NTriMed,1.0,0.0,0.0
391,amp_gonzales_subsampled,NTriMin,0.2667982456140351,0.021071400624647508,0.07897878254840755
392,amp_iamp2l_subsampled,LevEntr,2.035109175057494,0.01138060759194086,0.005592136152410273
393,amp_iamp2l_subsampled,LevMean,63.515817677116004,0.19183014280782343,0.0030201948085277906
394,amp_iamp2l_subsampled,LevStd,18.352375474171843,0.13279575714997377,0.0072358892905642356
395,amp_iamp2l_subsampled,LevMed,68.89,0.31288975694324034,0.004541874828614317
396,amp_iamp2l_subsampled,LevMax,99.71,0.45376205218153715,0.004550817893707123
397,amp_iamp2l_subsampled,LenEntr,2.395918347540433,0.03352048158189169,0.013990661082545932
398,amp_iamp2l_subsampled,LenMean,59.43371287128711,0.25690265027583703,0.004322507174205984
399,amp_iamp2l_subsampled,LenStd,28.828894379605615,0.10914257442118362,0.0037858744419416307
400,amp_iamp2l_subsampled,LenMed,65.345,0.5417333292312742,0.008290356251148124
401,amp_iamp2l_subsampled,LenMin,5.01,0.09949874371066199,0.019860028684762873
402,amp_iamp2l_subsampled,LenMax,100.0,0.0,0.0
403,amp_iamp2l_subsampled,ShEntrEntr,2.9039985691208074,0.012471376393462862,0.004294553215719594
404,amp_iamp2l_subsampled,ShEntrMean,3.6231113197085683,0.003650835215785455,0.0010076519581184485
405,amp_iamp2l_subsampled,ShEntrStd,0.44614067513585576,0.004897756499894584,0.010978054171821818
406,amp_iamp2l_subsampled,ShEntrMed,3.7758516148935746,0.0034750809729739434,0.0009203436277174497
407,amp_iamp2l_subsampled,ShEntrMin,0.030846671730540298,0.13670103306001669,4.4316299098380005
408,amp_iamp2l_subsampled,ShEntrMax,4.238188164261102,0.015198313903496631,0.0035860403819862846
409,amp_iamp2l_subsampled,TriEntr,2.4099482908700636,0.003702815569877607,0.001536470962429148
410,amp_iamp2l_subsampled,TriMean,56.192817974105104,0.2541910809412667,0.004523551053417602
411,amp_iamp2l_subsampled,TriStd,28.322887930969696,0.10643621426798199,0.003757957681695276
412,amp_iamp2l_subsampled,TriMed,62.31,0.6155485358604957,0.00987880815054559
413,amp_iamp2l_subsampled,TriMin,1.2,0.42426406871192857,0.35355339059327384
414,amp_iamp2l_subsampled,TriMax,98.0,0.0,0.0
415,amp_iamp2l_subsampled,NTriEntr,1.6686044033859864,0.05506456404148565,0.03300037080673337
416,amp_iamp2l_subsampled,NTriMean,0.9794011603664339,0.0005436486920830342,0.0005550827526890341
417,amp_iamp2l_subsampled,NTriStd,0.05771330879567424,0.0025730687462960544,0.04458362897552172
418,amp_iamp2l_subsampled,NTriMed,1.0,0.0,0.0
419,amp_iamp2l_subsampled,NTriMin,0.06856923076923077,0.08868373565888055,1.293345931753923
420,amp_modlamp_subsampled,LevEntr,1.5562557589627508,0.013171893548932034,0.008463836019929746
421,amp_modlamp_subsampled,LevMean,40.485236828557724,0.18410105024590573,0.0045473625614570546
422,amp_modlamp_subsampled,LevStd,12.945362005734383,0.22796693567224302,0.017609931307541724
423,amp_modlamp_subsampled,LevMed,37.09,0.28618176042508375,0.007715873831897647
424,amp_modlamp_subsampled,LevMax,97.93,0.25514701644346144,0.0026054019855351928
425,amp_modlamp_subsampled,LenEntr,2.7760976339273293,0.011019284425690438,0.003969343257607809
426,amp_modlamp_subsampled,LenMean,42.85591856519632,0.1364914824999524,0.0031848922405503725
427,amp_modlamp_subsampled,LenStd,13.181082113771415,0.21637967859043508,0.01641592675948544
428,amp_modlamp_subsampled,LenMed,40.0,0.0,0.0
429,amp_modlamp_subsampled,LenMin,30.0,0.0,0.0
430,amp_modlamp_subsampled,LenMax,100.0,0.0,0.0
431,amp_modlamp_subsampled,ShEntrEntr,3.0623770267939303,0.010203934108271945,0.0033320306477594847
432,amp_modlamp_subsampled,ShEntrMean,3.5508286490054415,0.003191495870876105,0.0008988031207222623
433,amp_modlamp_subsampled,ShEntrStd,0.3223221711992144,0.005672791624408041,0.017599756179670047
434,amp_modlamp_subsampled,ShEntrMed,3.5781341386310213,0.0023879052169460033,0.0006673604522438629
435,amp_modlamp_subsampled,ShEntrMin,1.3663466685295078,0.022251567783007024,0.016285448119074092
436,amp_modlamp_subsampled,ShEntrMax,4.18973780698081,0.008882328956740439,0.002120020241348034
437,amp_modlamp_subsampled,TriEntr,2.9325808967755638,0.0135187767913834,0.0046098563917699896
438,amp_modlamp_subsampled,TriMean,39.66620455647116,0.12708996826931226,0.003203986105814068
439,amp_modlamp_subsampled,TriStd,12.833386004649128,0.20425981677951321,0.01591628403490056
440,amp_modlamp_subsampled,TriMed,36.99,0.09949874371066202,0.0026898822306207627
441,amp_modlamp_subsampled,TriMin,12.04,0.27999999999999997,0.023255813953488372
442,amp_modlamp_subsampled,TriMax,98.0,0.0,0.0
443,amp_modlamp_subsampled,NTriEntr,1.640965935893015,0.017163097659851374,0.010459143169544955
444,amp_modlamp_subsampled,NTriMean,0.9739286716468321,0.0007631129610774972,0.0007835409135118047
445,amp_modlamp_subsampled,NTriStd,0.07488297588714177,0.002556163417182931,0.034135441158687344
446,amp_modlamp_subsampled,NTriMed,1.0,0.0,0.0
447,amp_modlamp_subsampled,NTriMin,0.1953061224489796,0.04512973570235887,0.23107179199744873
448,anitinflamatory_subsampled,LevEntr,1.396369775500377,0.02746628326063446,0.01966977783573993
449,anitinflamatory_subsampled,LevMean,15.451485167448709,0.025167575806047778,0.0016288127343944733
450,anitinflamatory_subsampled,LevStd,2.3624996894251695,0.01866252431061074,0.007899482228144378
451,anitinflamatory_subsampled,LevMed,15.0,0.0,0.0
452,anitinflamatory_subsampled,LevMax,29.67,0.4702127178203499,0.015848086208977076
453,anitinflamatory_subsampled,LenEntr,1.5095838391914376,0.011882180083016529,0.00787116274998072
454,anitinflamatory_subsampled,LenMean,16.36568931398417,0.022348332417562174,0.0013655601049731496
455,anitinflamatory_subsampled,LenStd,2.60898359020488,0.02138631408164545,0.008197182290428286
456,anitinflamatory_subsampled,LenMed,15.0,0.0,0.0
457,anitinflamatory_subsampled,LenMin,11.0,0.0,0.0
458,anitinflamatory_subsampled,LenMax,30.0,0.0,0.0
459,anitinflamatory_subsampled,ShEntrEntr,3.113511148441524,0.016510621476107365,0.005302894606422656
460,anitinflamatory_subsampled,ShEntrMean,3.1462796212109017,0.0022412241597534435,0.0007123410597850386
461,anitinflamatory_subsampled,ShEntrStd,0.3276038051805807,0.0027423269751686305,0.008370864232352289
462,anitinflamatory_subsampled,ShEntrMed,3.189898095464287,4.440892098500626e-16,1.3921736574642076e-16
463,anitinflamatory_subsampled,ShEntrMin,0.979664193977725,0.11277611780610006,0.11511711717072748
464,anitinflamatory_subsampled,ShEntrMax,3.9214711409192335,0.003830112146602117,0.000976702877304434
465,anitinflamatory_subsampled,TriEntr,1.656046768718323,0.01228740227909542,0.00741971936493382
466,anitinflamatory_subsampled,TriMean,14.240425461741422,0.02151161779614596,0.0015106021834768526
467,anitinflamatory_subsampled,TriStd,2.6448639134707004,0.021479479221236695,0.008121203934855926
468,anitinflamatory_subsampled,TriMed,13.0,0.0,0.0
469,anitinflamatory_subsampled,TriMin,3.18,0.45563142999578066,0.14328032389804424
470,anitinflamatory_subsampled,TriMax,28.0,0.0,0.0
471,anitinflamatory_subsampled,NTriEntr,0.17506956649058922,0.03401700101566878,0.19430562203109897
472,anitinflamatory_subsampled,NTriMean,0.9915931558682155,0.00032497986414921955,0.0003277350818992643
473,anitinflamatory_subsampled,NTriStd,0.043070221630185784,0.0017579751225232495,0.04081648656507428
474,anitinflamatory_subsampled,NTriMed,1.0,0.0,0.0
475,anitinflamatory_subsampled,NTriMin,0.18470238095238098,0.04263047698568726,0.2308063207732987
476,antibacterial_subsampled,LevEntr,2.169309658176653,0.00361362389215247,0.001665794405391525
477,antibacterial_subsampled,LevMean,39.3978162514655,0.10507917407337537,0.0026671319395644598
478,antibacterial_subsampled,LevStd,21.159578447723103,0.04661372333864405,0.0022029608696509722
479,antibacterial_subsampled,LevMed,36.29,0.4537620521815371,0.012503776582571978
480,antibacterial_subsampled,LevMax,98.98,0.13999999999999999,0.0014144271570014143
481,antibacterial_subsampled,LenEntr,2.99955455902614,0.025901756384819844,0.008635200952380517
482,antibacterial_subsampled,LenMean,33.090369195922996,0.09490134778343158,0.002867944664549835
483,antibacterial_subsampled,LenStd,23.93601409199094,0.053703004542275105,0.0022436068234202907
484,antibacterial_subsampled,LenMed,22.93,0.25514701644346144,0.011127213974856583
485,antibacterial_subsampled,LenMin,5.0,0.0,0.0
486,antibacterial_subsampled,LenMax,100.0,0.0,0.0
487,antibacterial_subsampled,ShEntrEntr,3.4062816302795325,0.006895752481909145,0.0020244222969147897
488,antibacterial_subsampled,ShEntrMean,3.2005053896502296,0.002601552504959425,0.0008128567798611763
489,antibacterial_subsampled,ShEntrStd,0.6675105303542351,0.0021916134068853885,0.003283264169214441
490,antibacterial_subsampled,ShEntrMed,3.3387537056369467,0.00506363749957743,0.001516625048151439
491,antibacterial_subsampled,ShEntrMin,0.0,0.0,
492,antibacterial_subsampled,ShEntrMax,4.217111766984911,0.007847086908837488,0.001860772809075412
493,antibacterial_subsampled,TriEntr,3.011619411502305,0.01649076984836883,0.005475715087167218
494,antibacterial_subsampled,TriMean,30.306410721026804,0.09387835014018678,0.0030976400011319487
495,antibacterial_subsampled,TriStd,23.563093344445033,0.0535990087473454,0.0022747017110120345
496,antibacterial_subsampled,TriMed,20.0,0.0,0.0
497,antibacterial_subsampled,TriMin,1.0,0.0,0.0
498,antibacterial_subsampled,TriMax,98.0,0.0,0.0
499,antibacterial_subsampled,NTriEntr,1.5083129795444028,0.007669397095815294,0.005084751772229589
500,antibacterial_subsampled,NTriMean,0.9698396489078432,0.0003406908124536363,0.00035128571288799685
501,antibacterial_subsampled,NTriStd,0.09246325282374926,0.0009812775403312743,0.010612621883439
502,antibacterial_subsampled,NTriMed,1.0,0.0,0.0
503,antibacterial_subsampled,NTriMin,0.08348484848484851,0.0010606060606060616,0.012704174228675143
504,anticancer_alternative_subsampled,LevEntr,2.2412456040796163,0.004362476184315204,0.0019464516411652648
505,anticancer_alternative_subsampled,LevMean,26.64715675317515,0.12802037655137993,0.004804279035740863
506,anticancer_alternative_subsampled,LevStd,9.639585038317843,0.06740259761194158,0.00699227169468528
507,anticancer_alternative_subsampled,LevMed,26.74,0.43863424398922624,0.01640367404596957
508,anticancer_alternative_subsampled,LevMax,49.68,0.466476151587624,0.009389616577850726
509,anticancer_alternative_subsampled,LenEntr,2.5022270883349433,0.02263243315286625,0.009044915730620816
510,anticancer_alternative_subsampled,LenMean,24.649581185567012,0.12674040727867286,0.0051416860320889655
511,anticancer_alternative_subsampled,LenStd,12.147164690829136,0.07470728170975284,0.0061501826649436415
512,anticancer_alternative_subsampled,LenMed,22.98,0.13999999999999999,0.0060922541340295904
513,anticancer_alternative_subsampled,LenMin,3.23,0.4208325082500163,0.13028870224458708
514,anticancer_alternative_subsampled,LenMax,50.0,0.0,0.0
515,anticancer_alternative_subsampled,ShEntrEntr,2.6847126811098434,0.014974914824881698,0.005577846348418619
516,anticancer_alternative_subsampled,ShEntrMean,3.099542619933503,0.007532496067809202,0.0024301959971019214
517,anticancer_alternative_subsampled,ShEntrStd,0.6355855180417485,0.0055163016589866954,0.008679086452414036
518,anticancer_alternative_subsampled,ShEntrMed,3.257223321664948,0.009997408249849118,0.0030693039016860798
519,anticancer_alternative_subsampled,ShEntrMin,0.9726810572033946,0.003936851104969995,0.0040474224061575114
520,anticancer_alternative_subsampled,ShEntrMax,4.102750648923716,0.015856952168378333,0.003864956348867588
521,anticancer_alternative_subsampled,TriEntr,2.465235252299888,0.04045586521999783,0.01641054953366232
522,anticancer_alternative_subsampled,TriMean,22.00343427835051,0.1281582063100273,0.005824463794550652
523,anticancer_alternative_subsampled,TriStd,12.293502550771176,0.07462416241830251,0.006070211651245097
524,anticancer_alternative_subsampled,TriMed,20.65,0.4663689526544408,0.022584452913047982
525,anticancer_alternative_subsampled,TriMin,1.23,0.4208325082500163,0.3421402506097693
526,anticancer_alternative_subsampled,TriMax,48.0,0.0,0.0
527,anticancer_alternative_subsampled,NTriEntr,0.5314442625773342,0.02071766605492422,0.03898370443299206
528,anticancer_alternative_subsampled,NTriMean,0.9652938515670375,0.0012401703286973181,0.0012847593783841594
529,anticancer_alternative_subsampled,NTriStd,0.10214259763179058,0.0026644865629149436,0.02608594870986183
530,anticancer_alternative_subsampled,NTriMed,1.0,0.0,0.0
531,anticancer_alternative_subsampled,NTriMin,0.20448332004253061,0.038633570516578696,0.1889326254510308
532,anticancer_main_subsampled,LevEntr,2.2089339764628777,0.005381336209112556,0.002436168878949285
533,anticancer_main_subsampled,LevMean,24.93430389639388,0.1525572323563608,0.006118367410225731
534,anticancer_main_subsampled,LevStd,9.145724689625446,0.06698240593178144,0.007323903594841825
535,anticancer_main_subsampled,LevMed,24.62,0.48538644398046393,0.01971512770026255
536,anticancer_main_subsampled,LevMax,49.99,0.099498743710662,0.0019903729488030004
537,anticancer_main_subsampled,LenEntr,2.56392081439725,0.031754676610524515,0.012385201770745676
538,anticancer_main_subsampled,LenMean,23.82161103047895,0.14783340100711861,0.00620585235893453
539,anticancer_main_subsampled,LenStd,11.062143560862204,0.07632166367660231,0.006899355740295027
540,anticancer_main_subsampled,LenMed,21.845,0.40432041749088066,0.01850860231132436
541,anticancer_main_subsampled,LenMin,2.27,0.48692915295759404,0.21450623478308106
542,anticancer_main_subsampled,LenMax,50.0,0.0,0.0
543,anticancer_main_subsampled,ShEntrEntr,2.7476585864336847,0.01667118638762239,0.006067415533332584
544,anticancer_main_subsampled,ShEntrMean,2.974500782141522,0.007101506595206367,0.002387461666792222
545,anticancer_main_subsampled,ShEntrStd,0.6310779892575864,0.005280226654626133,0.008366995434015855
546,anticancer_main_subsampled,ShEntrMed,3.1096717256316553,0.01119454862821174,0.003599913307871054
547,anticancer_main_subsampled,ShEntrMin,0.8466715873772952,0.06669415752116183,0.0787721691804469
548,anticancer_main_subsampled,ShEntrMax,4.081409936824273,0.02639618508771506,0.006467418244258457
549,anticancer_main_subsampled,TriEntr,2.506935392074745,0.03556159024205706,0.014185283894622515
550,anticancer_main_subsampled,TriMean,21.032496371552973,0.14532515421578593,0.00690955327644046
551,anticancer_main_subsampled,TriStd,11.282052710704788,0.07660834161856457,0.006790283965423777
552,anticancer_main_subsampled,TriMed,19.0,0.3082207001484488,0.016222142113076255
553,anticancer_main_subsampled,TriMin,0.27,0.48692915295759404,1.8034413072503481
554,anticancer_main_subsampled,TriMax,48.0,0.0,0.0
555,anticancer_main_subsampled,NTriEntr,1.5472939012159512,0.03414769077298183,0.022069298370624123
556,anticancer_main_subsampled,NTriMean,0.9544830652316664,0.0013718293397723181,0.0014372484853247302
557,anticancer_main_subsampled,NTriStd,0.11638636861785813,0.002612799918463853,0.02244936369690075
558,anticancer_main_subsampled,NTriMed,1.0,0.0,0.0
559,anticancer_main_subsampled,NTriMin,0.04818181818181819,0.08438401007907122,1.7513662469241194
560,antidiabetic_subsampled,LevEntr,1.6322899810976232,0.02970330499577477,0.018197321149885985
561,antidiabetic_subsampled,LevMean,19.149275776154084,0.11906789376136048,0.006217879733584051
562,antidiabetic_subsampled,LevStd,4.282959086834201,0.12715409082705306,0.029688373913709383
563,antidiabetic_subsampled,LevMed,18.04,0.19595917942265423,0.010862482229637153
564,antidiabetic_subsampled,LevMax,39.74,0.4386342439892262,0.011037600503000155
565,antidiabetic_subsampled,LenEntr,2.373340189085969,0.03753614973105819,0.015815747739692673
566,antidiabetic_subsampled,LenMean,19.600608465608467,0.1142884424277554,0.005830861966774536
567,antidiabetic_subsampled,LenStd,5.08162942365129,0.12148234503946248,0.023906179477403547
568,antidiabetic_subsampled,LenMed,20.0,0.0,0.0
569,antidiabetic_subsampled,LenMin,11.0,0.0,0.0
570,antidiabetic_subsampled,LenMax,41.0,0.0,0.0
571,antidiabetic_subsampled,ShEntrEntr,2.428215827775314,0.03451471156470884,0.01421402132788607
572,antidiabetic_subsampled,ShEntrMean,3.2212893918379937,0.009684983031501415,0.0030065547839448806
573,antidiabetic_subsampled,ShEntrStd,0.3930057676239743,0.010431107964869023,0.02654186992708323
574,antidiabetic_subsampled,ShEntrMed,3.304060912805732,0.009267484820370013,0.0028048771087880093
575,antidiabetic_subsampled,ShEntrMin,1.292845579382565,0.14251972873859864,0.11023724024849353
576,antidiabetic_subsampled,ShEntrMax,3.996620882758097,0.03941697225440584,0.009862574762709016
577,antidiabetic_subsampled,TriEntr,2.4403297947748803,0.04996396636705451,0.020474268057553126
578,antidiabetic_subsampled,TriMean,17.353121693121693,0.11282718628457698,0.006501838013923375
579,antidiabetic_subsampled,TriStd,5.061402304114305,0.12004766310933714,0.023718261441449336
580,antidiabetic_subsampled,TriMed,18.0,0.0,0.0
581,antidiabetic_subsampled,TriMin,7.15,0.3840572873934304,0.05371430592915111
582,antidiabetic_subsampled,TriMax,38.96,0.19595917942265423,0.005029753065263199
583,antidiabetic_subsampled,NTriEntr,0.34035363136511615,0.041731808851652244,0.12261308534970272
584,antidiabetic_subsampled,NTriMean,0.9869734973314184,0.0012685218420895594,0.0012852643414634662
585,antidiabetic_subsampled,NTriStd,0.05652643246165376,0.004391901501962842,0.07769642113788461
586,antidiabetic_subsampled,NTriMed,1.0,0.0,0.0
587,antidiabetic_subsampled,NTriMin,0.44408452950558197,0.04774968219530233,0.1075238586862372
588,antifungal_subsampled,LevEntr,2.047396652954258,0.009244094762147343,0.004515048292576197
589,antifungal_subsampled,LevMean,58.114311473507485,0.21919056380114396,0.003771714027809934
590,antifungal_subsampled,LevStd,16.665727030725723,0.13334971298519338,0.00800143388520306
591,antifungal_subsampled,LevMed,61.7,0.45825756949558405,0.007427189132829563
592,antifungal_subsampled,LevMax,98.91,0.3491418050019218,0.0035298938934579097
593,antifungal_subsampled,LenEntr,2.3438824713476802,0.025711138417102004,0.010969465718269854
594,antifungal_subsampled,LenMean,54.22969792322215,0.28308376864485263,0.005220087507137505
595,antifungal_subsampled,LenStd,26.12826926320266,0.12628017944620887,0.004833086270434819
596,antifungal_subsampled,LenMed,56.02,0.44676615807377346,0.00797511885172748
597,antifungal_subsampled,LenMin,5.0,0.0,0.0
598,antifungal_subsampled,LenMax,100.0,0.0,0.0
599,antifungal_subsampled,ShEntrEntr,2.8069772635320267,0.01919755277056462,0.006839226316499724
600,antifungal_subsampled,ShEntrMean,3.6393947319078803,0.005532607663613234,0.0015201999428934917
601,antifungal_subsampled,ShEntrStd,0.5022006122525022,0.007128642224778718,0.014194809904362476
602,antifungal_subsampled,ShEntrMed,3.811480533318867,0.0037072026151965575,0.0009726410991186386
603,antifungal_subsampled,ShEntrMin,0.9182958340544899,3.3306690738754696e-16,3.627010980949124e-16
604,antifungal_subsampled,ShEntrMax,4.194756815758155,0.00460919740559643,0.0010987996701695257
605,antifungal_subsampled,TriEntr,2.343217441338139,0.036687795216554756,0.015657016958530102
606,antifungal_subsampled,TriMean,51.568023914411576,0.2817763134564351,0.005464167367051035
607,antifungal_subsampled,TriStd,25.879415216892703,0.1253022748769614,0.004841773812383935
608,antifungal_subsampled,TriMed,53.52,0.4995998398718718,0.009334825109713597
609,antifungal_subsampled,TriMin,3.0,0.0,0.0
610,antifungal_subsampled,TriMax,98.0,0.0,0.0
611,antifungal_subsampled,NTriEntr,1.2800834271465542,0.024152312167292612,0.01886776412778873
612,antifungal_subsampled,NTriMean,0.9863793027791082,0.000561219413921101,0.0005689691707235484
613,antifungal_subsampled,NTriStd,0.052603390862338166,0.0032844853296488553,0.0624386617631604
614,antifungal_subsampled,NTriMed,1.0,0.0,0.0
615,antifungal_subsampled,NTriMin,0.15211363636363634,0.03596802557322773,0.2364549716453041
616,antimalarial_alternative_subsampled,LevEntr,1.722273747843894,0.031797900521187805,0.018462744706522663
617,antimalarial_alternative_subsampled,LevMean,30.472917450788508,0.22092144596536734,0.007249763542402496
618,antimalarial_alternative_subsampled,LevStd,9.143513397569293,0.15073670229320257,0.016485643509121378
619,antimalarial_alternative_subsampled,LevMed,31.4,0.5099019513592785,0.01623891564838467
620,antimalarial_alternative_subsampled,LevMax,78.88,2.6010767001378485,0.03297511029586522
621,antimalarial_alternative_subsampled,LenEntr,2.294052427213765,0.03506903074374476,0.015286935175382087
622,antimalarial_alternative_subsampled,LenMean,28.556257668711652,0.25708933548089075,0.009002907119814121
623,antimalarial_alternative_subsampled,LenStd,13.077615805507962,0.13719167700227547,0.010490572520450844
624,antimalarial_alternative_subsampled,LenMed,28.235,0.45527464238632925,0.01612447821449723
625,antimalarial_alternative_subsampled,LenMin,1.01,0.09949874371066199,0.0985136076343188
626,antimalarial_alternative_subsampled,LenMax,79.89,2.603440031957717,0.03258780863634644
627,antimalarial_alternative_subsampled,ShEntrEntr,2.542803014187235,0.025902377146415877,0.010186544927741932
628,antimalarial_alternative_subsampled,ShEntrMean,3.2952006182846545,0.013382099893641378,0.004061088062252048
629,antimalarial_alternative_subsampled,ShEntrStd,0.6604526802740821,0.015261852424662636,0.02310816941242346
630,antimalarial_alternative_subsampled,ShEntrMed,3.4889498047912797,0.008605321453729222,0.0024664503461505143
631,antimalarial_alternative_subsampled,ShEntrMin,0.0,0.0,
632,antimalarial_alternative_subsampled,ShEntrMax,4.101894977324352,0.01659298425134757,0.004045199680409931
633,antimalarial_alternative_subsampled,TriEntr,2.2663855963654753,0.028990199558811332,0.012791380074644807
634,antimalarial_alternative_subsampled,TriMean,26.083650306748467,0.25400832916378896,0.009738220156174648
635,antimalarial_alternative_subsampled,TriStd,13.07028519260072,0.13552358754964838,0.01036883170891866
636,antimalarial_alternative_subsampled,TriMed,25.87,0.40385641012617335,0.015610993820107203
637,antimalarial_alternative_subsampled,TriMin,0.0,0.0,
638,antimalarial_alternative_subsampled,TriMax,77.78,2.8198581524608644,0.0362542832664035
639,antimalarial_alternative_subsampled,NTriEntr,0.3472369019731175,0.021416336760604983,0.06167644233349081
640,antimalarial_alternative_subsampled,NTriMean,0.9611139012561327,0.002800173137309481,0.0029134664826403825
641,antimalarial_alternative_subsampled,NTriStd,0.15744901332012884,0.007270711215753859,0.04617819484820072
642,antimalarial_alternative_subsampled,NTriMed,1.0,0.0,0.0
643,antimalarial_alternative_subsampled,NTriMin,0.0,0.0,
644,antimalarial_main_subsampled,LevEntr,1.975299077178465,0.010191987510501951,0.005159718661469876
645,antimalarial_main_subsampled,LevMean,34.37687431142417,0.21168034925400603,0.006157638048659361
646,antimalarial_main_subsampled,LevStd,16.429904472212883,0.18966315428060224,0.01154377705612169
647,antimalarial_main_subsampled,LevMed,30.94,0.23748684174075832,0.0076757220989256076
648,antimalarial_main_subsampled,LevMax,98.8,0.39999999999999997,0.004048582995951417
649,antimalarial_main_subsampled,LenEntr,2.8594409470269904,0.023923735291320143,0.008366577850189233
650,antimalarial_main_subsampled,LenMean,31.77246885617214,0.1683304866445013,0.00529799832070026
651,antimalarial_main_subsampled,LenStd,17.961857736185333,0.18115785667814874,0.010085697111006198
652,antimalarial_main_subsampled,LenMed,27.95,0.2179449471770337,0.007797672528695302
653,antimalarial_main_subsampled,LenMin,1.05,0.21794494717703372,0.20756661635907972
654,antimalarial_main_subsampled,LenMax,99.84,0.39293765408777004,0.003935673618667568
655,antimalarial_main_subsampled,ShEntrEntr,2.944371917421922,0.013152723115001775,0.00446707259948269
656,antimalarial_main_subsampled,ShEntrMean,3.2228795424088794,0.005634712281326533,0.001748347155759652
657,antimalarial_main_subsampled,ShEntrStd,0.5472134854848846,0.008071976406228608,0.014751055338258063
658,antimalarial_main_subsampled,ShEntrMed,3.3250841406923906,0.004424807113322176,0.0013307353817521102
659,antimalarial_main_subsampled,ShEntrMin,0.0,0.0,
660,antimalarial_main_subsampled,ShEntrMax,4.171156753558373,0.002258818655462497,0.0005415329101538849
661,antimalarial_main_subsampled,TriEntr,2.8839786693593608,0.021835677984116526,0.0075713729148236195
662,antimalarial_main_subsampled,TriMean,28.82174405436014,0.16693462442735252,0.005791968179042196
663,antimalarial_main_subsampled,TriStd,17.48413215606088,0.18462778752594355,0.010559734156547328
664,antimalarial_main_subsampled,TriMed,24.895,0.3024483426967322,0.012148959337085046
665,antimalarial_main_subsampled,TriMin,0.0,0.0,
666,antimalarial_main_subsampled,TriMax,97.81,0.5038849074937649,0.005151670662445199
667,antimalarial_main_subsampled,NTriEntr,1.5035519322479285,0.02116626334528712,0.014077507328690595
668,antimalarial_main_subsampled,NTriMean,0.9637047963402846,0.001338195767344048,0.0013885951096496674
669,antimalarial_main_subsampled,NTriStd,0.11928788329033624,0.003996243404290565,0.03350083255785551
670,antimalarial_main_subsampled,NTriMed,1.0,0.0,0.0
671,antimalarial_main_subsampled,NTriMin,0.0,0.0,
672,antimicrobial_subsampled,LevEntr,1.9390126341589602,0.0025089878922432006,0.0012939512863625385
673,antimicrobial_subsampled,LevMean,18.382060933780863,0.03349655698645888,0.0018222416467405993
674,antimicrobial_subsampled,LevStd,4.213204772106556,0.014116011824486971,0.0033504214933823694
675,antimicrobial_subsampled,LevMed,18.0,0.0,0.0
676,antimicrobial_subsampled,LevMax,30.0,0.0,0.0
677,antimicrobial_subsampled,LenEntr,2.8875181480338172,0.0028247128958502183,0.0009782494000162858
678,antimicrobial_subsampled,LenMean,18.534198669488962,0.03332517921679186,0.0017980372289659245
679,antimicrobial_subsampled,LenStd,5.342720188289126,0.01714686278978842,0.003209388136659891
680,antimicrobial_subsampled,LenMed,18.0,0.0,0.0
681,antimicrobial_subsampled,LenMin,11.0,0.0,0.0
682,antimicrobial_subsampled,LenMax,30.0,0.0,0.0
683,antimicrobial_subsampled,ShEntrEntr,3.389006932078912,0.01066607762847403,0.00314725754247164
684,antimicrobial_subsampled,ShEntrMean,3.034298139455728,0.002744218904811307,0.0009043998904153653
685,antimicrobial_subsampled,ShEntrStd,0.5118108581406502,0.002613419114581979,0.0051062205363837515
686,antimicrobial_subsampled,ShEntrMed,3.135057829601759,0.004921246011495723,0.0015697464860228306
687,antimicrobial_subsampled,ShEntrMin,0.6569910742018604,0.03443324170708436,0.052410516762218216
688,antimicrobial_subsampled,ShEntrMax,4.01919896423291,0.004406014984686543,0.0010962420681075837
689,antimicrobial_subsampled,TriEntr,2.968565025908607,0.003494151023547115,0.0011770505254395222
690,antimicrobial_subsampled,TriMean,16.0387118234049,0.03305137982444604,0.002060725336820066
691,antimicrobial_subsampled,TriStd,5.450395223231156,0.018131784647074475,0.00332669171765592
692,antimicrobial_subsampled,TriMed,15.81,0.38587562763149474,0.02440706057125204
693,antimicrobial_subsampled,TriMin,2.07,0.2551470164434615,0.12325942823355629
694,antimicrobial_subsampled,TriMax,28.0,0.0,0.0
695,antimicrobial_subsampled,NTriEntr,0.47389837317833977,0.0055389869791267875,0.011688132503975338
696,antimicrobial_subsampled,NTriMean,0.9705809105353319,0.0004692316913873248,0.000483454482046753
697,antimicrobial_subsampled,NTriStd,0.09740257099140175,0.0013845399936164896,0.014214614455492252
698,antimicrobial_subsampled,NTriMed,1.0,0.0,0.0
699,antimicrobial_subsampled,NTriMin,0.11130769230769229,0.021931981997063713,0.19703923010492627
700,antimicrobial_UniDL4BioPep_subsampled,LevEntr,2.1846225549962326,0.008648899335565199,0.003958990222720699
701,antimicrobial_UniDL4BioPep_subsampled,LevMean,58.22974868572023,0.1291082955057863,0.002217222269026343
702,antimicrobial_UniDL4BioPep_subsampled,LevStd,20.40970059119913,0.06758321924883326,0.0033113283042464537
703,antimicrobial_UniDL4BioPep_subsampled,LevMed,63.0,0.0,0.0
704,antimicrobial_UniDL4BioPep_subsampled,LevMax,99.79,0.431161222746202,0.004320685667363483
705,antimicrobial_UniDL4BioPep_subsampled,LenEntr,2.71544732522718,0.001753626680151155,0.0006457966110627622
706,antimicrobial_UniDL4BioPep_subsampled,LenMean,52.81958139005801,0.14802996524893428,0.002802558470802218
707,antimicrobial_UniDL4BioPep_subsampled,LenStd,28.720348217195507,0.05580785907348319,0.0019431470207617397
708,antimicrobial_UniDL4BioPep_subsampled,LenMed,52.66,0.5695612346359257,0.010815822913709186
709,antimicrobial_UniDL4BioPep_subsampled,LenMin,11.0,0.0,0.0
710,antimicrobial_UniDL4BioPep_subsampled,LenMax,100.0,0.0,0.0
711,antimicrobial_UniDL4BioPep_subsampled,ShEntrEntr,3.264165238333397,0.008324209942774151,0.00255018031716565
712,antimicrobial_UniDL4BioPep_subsampled,ShEntrMean,3.5267782092767543,0.002431470150194435,0.0006894309780520796
713,antimicrobial_UniDL4BioPep_subsampled,ShEntrStd,0.5117187686603242,0.00248545200820456,0.004857066342732462
714,antimicrobial_UniDL4BioPep_subsampled,ShEntrMed,3.686958727474072,0.002861930226332507,0.0007762306111555552
715,antimicrobial_UniDL4BioPep_subsampled,ShEntrMin,0.9265507746023761,0.019709961076640393,0.02127240256757522
716,antimicrobial_UniDL4BioPep_subsampled,ShEntrMax,4.246909086273475,0.022947747572001305,0.005403399768121057
717,antimicrobial_UniDL4BioPep_subsampled,TriEntr,2.76385084407619,0.023919095144178164,0.008654264102364417
718,antimicrobial_UniDL4BioPep_subsampled,TriMean,49.6603708338073,0.14485060427588495,0.0029168248614300516
719,antimicrobial_UniDL4BioPep_subsampled,TriStd,28.319677074049597,0.055315337508924915,0.0019532474669215942
720,antimicrobial_UniDL4BioPep_subsampled,TriMed,49.54,0.537028863283902,0.01084030810019988
721,antimicrobial_UniDL4BioPep_subsampled,TriMin,4.01,0.09949874371066199,0.02481265429193566
722,antimicrobial_UniDL4BioPep_subsampled,TriMax,98.0,0.0,0.0
723,antimicrobial_UniDL4BioPep_subsampled,NTriEntr,1.8325433886815237,0.0075052098783266775,0.004095515513947268
724,antimicrobial_UniDL4BioPep_subsampled,NTriMean,0.9744091916442423,0.0003072299786225292,0.00031529872794416246
725,antimicrobial_UniDL4BioPep_subsampled,NTriStd,0.0686113534464383,0.0010362012474181385,0.015102474960314735
726,antimicrobial_UniDL4BioPep_subsampled,NTriMed,1.0,0.0,0.0
727,antimicrobial_UniDL4BioPep_subsampled,NTriMin,0.18270270270270278,0.002395293878516747,0.013110336317325385
728,antioxidant_subsampled,LevEntr,2.0543542448844976,0.016728174804688165,0.008142789806744688
729,antioxidant_subsampled,LevMean,7.122603809741009,0.04426428679641705,0.006214621503428334
730,antioxidant_subsampled,LevStd,3.5841870257653357,0.03086723495570165,0.008612060345570424
731,antioxidant_subsampled,LevMed,6.0,0.0,0.0
732,antioxidant_subsampled,LevMax,19.97,0.17058722109231983,0.008542174316090128
733,antioxidant_subsampled,LenEntr,2.2651504240499314,0.010252819295809125,0.004526330431282262
734,antioxidant_subsampled,LenMean,5.918979952830187,0.03415030968852654,0.0057696275305337726
735,antioxidant_subsampled,LenStd,3.657298447981351,0.03040721953526629,0.008314120372661842
736,antioxidant_subsampled,LenMed,4.99,0.09949874371066199,0.019939627998128654
737,antioxidant_subsampled,LenMin,2.0,0.0,0.0
738,antioxidant_subsampled,LenMax,19.97,0.17058722109231983,0.008542174316090128
739,antioxidant_subsampled,ShEntrEntr,2.3447170758703586,0.03419877552328241,0.014585459318407459
740,antioxidant_subsampled,ShEntrMean,2.0279540868089994,0.0067899704866115065,0.00334818748154973
741,antioxidant_subsampled,ShEntrStd,0.6950630369439068,0.00451984461876928,0.006502783745546869
742,antioxidant_subsampled,ShEntrMed,1.973486933562577,0.034498436051400475,0.017480954884825727
743,antioxidant_subsampled,ShEntrMin,0.0,0.0,
744,antioxidant_subsampled,ShEntrMax,3.8363178597119774,0.10564848662815231,0.027539033649334826
745,antioxidant_subsampled,TriEntr,2.257530030690156,0.010260490609327393,0.004545007361957719
746,antioxidant_subsampled,TriMean,3.884369103773584,0.03418417239844056,0.008800443903549574
747,antioxidant_subsampled,TriStd,3.615047342355417,0.03073041281069565,0.00850069443092631
748,antioxidant_subsampled,TriMed,2.985,0.11079259903080169,0.03711644858653323
749,antioxidant_subsampled,TriMin,0.0,0.0,
750,antioxidant_subsampled,TriMax,17.97,0.17058722109231983,0.00949288932066332
751,antioxidant_subsampled,NTriEntr,0.247587678817908,0.010485082643961653,0.04234896782433613
752,antioxidant_subsampled,NTriMean,0.9584138446802802,0.0022345765277412455,0.002331536152304523
753,antioxidant_subsampled,NTriStd,0.19355410871371806,0.005205146046369934,0.02689245958642376
754,antioxidant_subsampled,NTriMed,1.0,0.0,0.0
755,antioxidant_subsampled,NTriMin,0.0,0.0,
756,antioxidant_UniDL4BioPep_subsampled,LevEntr,1.785506233340602,0.021027220919814057,0.011776615800703799
757,antioxidant_UniDL4BioPep_subsampled,LevMean,6.916640978044277,0.07722579512942769,0.011165216667247598
758,antioxidant_UniDL4BioPep_subsampled,LevStd,4.286863483137149,0.09762339705158639,0.022772686239158024
759,antioxidant_UniDL4BioPep_subsampled,LevMed,6.0,0.0,0.0
760,antioxidant_UniDL4BioPep_subsampled,LevMax,29.96,0.39799497484264795,0.01328421144334606
761,antioxidant_UniDL4BioPep_subsampled,LenEntr,2.2322411021011135,0.016566253937114032,0.00742135512222265
762,antioxidant_UniDL4BioPep_subsampled,LenMean,5.743650934995547,0.05414630073613197,0.009427157281829827
763,antioxidant_UniDL4BioPep_subsampled,LenStd,4.057433990541977,0.08268870757418537,0.020379557071522468
764,antioxidant_UniDL4BioPep_subsampled,LenMed,4.0,0.0,0.0
765,antioxidant_UniDL4BioPep_subsampled,LenMin,2.0,0.0,0.0
766,antioxidant_UniDL4BioPep_subsampled,LenMax,29.96,0.39799497484264795,0.01328421144334606
767,antioxidant_UniDL4BioPep_subsampled,ShEntrEntr,2.275634590409145,0.06767728351123754,0.02973996079883352
768,antioxidant_UniDL4BioPep_subsampled,ShEntrMean,1.9576749807026423,0.009496450577199115,0.00485088212844743
769,antioxidant_UniDL4BioPep_subsampled,ShEntrStd,0.7007078031602076,0.006443072481402895,0.009195091666375764
770,antioxidant_UniDL4BioPep_subsampled,ShEntrMed,1.921928094887363,6.661338147750939e-16,3.4659663727645e-16
771,antioxidant_UniDL4BioPep_subsampled,ShEntrMin,0.0,0.0,
772,antioxidant_UniDL4BioPep_subsampled,ShEntrMax,3.7559264937097137,0.02735417810990387,0.007282937553680998
773,antioxidant_UniDL4BioPep_subsampled,TriEntr,2.2284521957005436,0.016625288375536205,0.007460464445955873
774,antioxidant_UniDL4BioPep_subsampled,TriMean,3.7305431878895816,0.05406037534735227,0.014491287896853153
775,antioxidant_UniDL4BioPep_subsampled,TriStd,4.038174504265698,0.0827191920079725,0.020484303469449534
776,antioxidant_UniDL4BioPep_subsampled,TriMed,2.0,0.0,0.0
777,antioxidant_UniDL4BioPep_subsampled,TriMin,0.0,0.0,
778,antioxidant_UniDL4BioPep_subsampled,TriMax,27.96,0.39799497484264795,0.014234441160323604
779,antioxidant_UniDL4BioPep_subsampled,NTriEntr,0.22610549354299253,0.009770363724677046,0.043211527378565324
780,antioxidant_UniDL4BioPep_subsampled,NTriMean,0.954404628763934,0.002461712165895169,0.002579317085965284
781,antioxidant_UniDL4BioPep_subsampled,NTriStd,0.2055965375535331,0.0054291631621302015,0.026406880323636577
782,antioxidant_UniDL4BioPep_subsampled,NTriMed,1.0,0.0,0.0
783,antioxidant_UniDL4BioPep_subsampled,NTriMin,0.0,0.0,
784,antiparasitic_subsampled,LevEntr,2.197385466959904,0.008767967747844605,0.003990181913770068
785,antiparasitic_subsampled,LevMean,53.27814034202261,0.3792512357123559,0.007118327202821403
786,antiparasitic_subsampled,LevStd,20.576490872819974,0.18039814113817643,0.008767196615457355
787,antiparasitic_subsampled,LevMed,58.34,0.5695612346359257,0.009762791131915078
788,antiparasitic_subsampled,LevMax,97.93,0.25514701644346144,0.0026054019855351928
789,antiparasitic_subsampled,LenEntr,2.227608625358642,0.008920873627923627,0.004004686248010635
790,antiparasitic_subsampled,LenMean,47.69639378238341,0.4288911982197035,0.008992109553953612
791,antiparasitic_subsampled,LenStd,27.672896550416734,0.15451274117883307,0.005583540591687942
792,antiparasitic_subsampled,LenMed,40.19,1.0648474069086145,0.02649533234408098
793,antiparasitic_subsampled,LenMin,5.18,0.3841874542459709,0.0741674622096469
794,antiparasitic_subsampled,LenMax,100.0,0.0,0.0
795,antiparasitic_subsampled,ShEntrEntr,2.4256776284684536,0.02211951322977871,0.009118900619842354
796,antiparasitic_subsampled,ShEntrMean,3.4721810572255243,0.00848369142814524,0.002443332098276063
797,antiparasitic_subsampled,ShEntrStd,0.5442436774959389,0.007175656524062424,0.01318463919889261
798,antiparasitic_subsampled,ShEntrMed,3.6156849352044036,0.018158548209521057,0.005022159987646852
799,antiparasitic_subsampled,ShEntrMin,1.1076695051585723,0.09678128958271699,0.0873737961837831
800,antiparasitic_subsampled,ShEntrMax,4.188043912698838,0.0030581359397439944,0.0007302062737382537
801,antiparasitic_subsampled,TriEntr,2.22334996435748,0.007866815172747567,0.003538271211847199
802,antiparasitic_subsampled,TriMean,44.526860103626944,0.4263163613917898,0.009574363887317177
803,antiparasitic_subsampled,TriStd,27.107962605938347,0.14790376770801847,0.005456100477120263
804,antiparasitic_subsampled,TriMed,37.48,0.9537295214053093,0.02544635862874358
805,antiparasitic_subsampled,TriMin,3.18,0.38418745424597095,0.12081366485722356
806,antiparasitic_subsampled,TriMax,96.99,0.09949874371066199,0.0010258660038216516
807,antiparasitic_subsampled,NTriEntr,1.7863385329986727,0.02396472073803167,0.013415553824393417
808,antiparasitic_subsampled,NTriMean,0.9755367522161004,0.0009559079844839967,0.0009798790074412743
809,antiparasitic_subsampled,NTriStd,0.06723449141564135,0.003275700482769097,0.04872053634672162
810,antiparasitic_subsampled,NTriMed,1.0,0.0,0.0
811,antiparasitic_subsampled,NTriMin,0.261187675070028,0.019306752711942845,0.0739190802428424
812,antiviral_subsampled,LevEntr,1.6265848732319816,0.010072212099934877,0.00619224503171584
813,antiviral_subsampled,LevMean,23.86471720917233,0.12305314335757624,0.005156279132873242
814,antiviral_subsampled,LevStd,14.443980816109844,0.1781373805461909,0.012332983740016358
815,antiviral_subsampled,LevMed,19.28,0.4489988864128731,0.02328832398407018
816,antiviral_subsampled,LevMax,97.89,0.3433656942677879,0.0035076687533740717
817,antiviral_subsampled,LenEntr,2.8988327511764895,0.01775030876516482,0.006123260735880974
818,antiviral_subsampled,LenMean,20.85677707006369,0.0948724501801411,0.004548758893161598
819,antiviral_subsampled,LenStd,14.3900492596919,0.1437757777332747,0.00999133325665579
820,antiviral_subsampled,LenMed,17.125,0.3269174207655505,0.019090068365871564
821,antiviral_subsampled,LenMin,5.0,0.0,0.0
822,antiviral_subsampled,LenMax,99.77,0.42083250825001617,0.004218026543550328
823,antiviral_subsampled,ShEntrEntr,3.0936479539420616,0.012153921476690801,0.003928669860836538
824,antiviral_subsampled,ShEntrMean,3.096493279661447,0.00354194959934479,0.0011438583195414029
825,antiviral_subsampled,ShEntrStd,0.5142409799108846,0.0027648260160161617,0.0053765182551092925
826,antiviral_subsampled,ShEntrMed,3.177256508836821,0.005156137571355462,0.0016228269757304235
827,antiviral_subsampled,ShEntrMin,0.13000448432967082,0.26000896865934164,2.0
828,antiviral_subsampled,ShEntrMax,4.155857224949435,0.004471308933147038,0.0010759053285815036
829,antiviral_subsampled,TriEntr,2.949355496269485,0.026898371708717138,0.009120084622806493
830,antiviral_subsampled,TriMean,18.546723991507434,0.09327195286586354,0.005029025768031749
831,antiviral_subsampled,TriStd,14.152557092104395,0.14215044703146185,0.010044152876851245
832,antiviral_subsampled,TriMed,14.98,0.13999999999999999,0.009345794392523364
833,antiviral_subsampled,TriMin,1.26,0.5589275444992847,0.4435932892851466
834,antiviral_subsampled,TriMax,97.71,0.6212084996198942,0.006357675771363159
835,antiviral_subsampled,NTriEntr,0.2829147890370492,0.006265584600895737,0.022146543212611006
836,antiviral_subsampled,NTriMean,0.9867881638900663,0.0003418834214341729,0.0003464608048057826
837,antiviral_subsampled,NTriStd,0.05318372820140484,0.0015466613287867035,0.02908147625396914
838,antiviral_subsampled,NTriMed,1.0,0.0,0.0
839,antiviral_subsampled,NTriMin,0.21416359079516967,0.012340964460913892,0.05762400796089115
840,anti_MRSA_subsampled,LevEntr,1.8488448072510337,0.04441253527066616,0.024021775703662877
841,anti_MRSA_subsampled,LevMean,30.919938985126638,0.16649639942920674,0.005384758343452625
842,anti_MRSA_subsampled,LevStd,8.257291798613508,0.07930424170403186,0.009604146690970511
843,anti_MRSA_subsampled,LevMed,31.98,0.13999999999999999,0.004377736085053157
844,anti_MRSA_subsampled,LevMax,66.04,2.72,0.04118715929739552
845,anti_MRSA_subsampled,LenEntr,2.233630617959557,0.04633325704586019,0.020743473282160713
846,anti_MRSA_subsampled,LenMean,30.30768844221106,0.18871451682203,0.0062266219075684335
847,anti_MRSA_subsampled,LenStd,11.58373999870201,0.07924825607697332,0.0068413358799363
848,anti_MRSA_subsampled,LenMed,29.945,0.3153965757582032,0.010532528828125002
849,anti_MRSA_subsampled,LenMin,11.0,0.0,0.0
850,anti_MRSA_subsampled,LenMax,69.24,2.6837287493336577,0.038759802849995056
851,anti_MRSA_subsampled,ShEntrEntr,2.560310129702024,0.01935008272598567,0.00755771049042316
852,anti_MRSA_subsampled,ShEntrMean,3.4454277470760695,0.0060038241778738784,0.0017425482751652443
853,anti_MRSA_subsampled,ShEntrStd,0.37184750877023476,0.004946673768986209,0.013302963317801245
854,anti_MRSA_subsampled,ShEntrMed,3.5143739083194574,0.008014792695243933,0.0022805748347581307
855,anti_MRSA_subsampled,ShEntrMin,1.5465935642949382,2.220446049250313e-16,1.4357010791407056e-16
856,anti_MRSA_subsampled,ShEntrMax,4.100709341999433,0.017629972886820687,0.00429924957281284
857,anti_MRSA_subsampled,TriEntr,2.253436388485734,0.03875380588988239,0.017197648040078117
858,anti_MRSA_subsampled,TriMean,28.002173366834167,0.18815991040546035,0.006719475232887364
859,anti_MRSA_subsampled,TriStd,11.457146000192989,0.08046455307699028,0.00702308874091636
860,anti_MRSA_subsampled,TriMed,27.565,0.4881342028581894,0.017708478246261178
861,anti_MRSA_subsampled,TriMin,8.13,0.3363034344160047,0.04136573609052948
862,anti_MRSA_subsampled,TriMax,67.18,2.933871162815436,0.04367179462362959
863,anti_MRSA_subsampled,NTriEntr,0.24755364103528035,0.03076329929507015,0.12426922571777439
864,anti_MRSA_subsampled,NTriMean,0.9903753901722426,0.0005221962744471169,0.0005272710526018809
865,anti_MRSA_subsampled,NTriStd,0.03531515558652484,0.00278170030904791,0.07876789052316449
866,anti_MRSA_subsampled,NTriMed,1.0,0.0,0.0
867,anti_MRSA_subsampled,NTriMin,0.46457672634271097,0.03301198137305724,0.07105819017869788
868,atb_antitbp_subsampled,LevEntr,1.9456776997639578,0.021497974381599776,0.011049093271823913
869,atb_antitbp_subsampled,LevMean,18.410567265325053,0.2551897506357302,0.013861047677567288
870,atb_antitbp_subsampled,LevStd,10.072518642574593,0.30420622749234194,0.030201604810788922
871,atb_antitbp_subsampled,LevMed,15.51,0.4998999899979995,0.0322308181816892
872,atb_antitbp_subsampled,LevMax,58.68,0.9368030742904296,0.015964605901336564
873,atb_antitbp_subsampled,LenEntr,2.130175759126156,0.02653491636694097,0.012456679338904018
874,atb_antitbp_subsampled,LenMean,16.221878172588834,0.1852879422172099,0.011422101697835644
875,atb_antitbp_subsampled,LenStd,10.221507694945474,0.2608276824056988,0.02551753520027949
876,atb_antitbp_subsampled,LenMed,12.02,0.1208304597359457,0.010052450893173519
877,atb_antitbp_subsampled,LenMin,5.0,0.0,0.0
878,atb_antitbp_subsampled,LenMax,60.67,0.9905049217444608,0.016326107165723764
879,atb_antitbp_subsampled,ShEntrEntr,2.3737826147159096,0.04248637348698962,0.017898173667462942
880,atb_antitbp_subsampled,ShEntrMean,2.786825682800929,0.012700965316703098,0.004557502607747556
881,atb_antitbp_subsampled,ShEntrStd,0.6034396317688718,0.010398849775858157,0.017232626477276358
882,atb_antitbp_subsampled,ShEntrMed,2.8387157516495245,0.016880656744728717,0.005946582265209077
883,atb_antitbp_subsampled,ShEntrMin,0.22758220575766963,0.446714036407984,1.9628689111293998
884,atb_antitbp_subsampled,ShEntrMax,4.014604837817348,0.021962821519907135,0.005470730596699982
885,atb_antitbp_subsampled,TriEntr,2.2255020251020756,0.04303563264936422,0.019337494265991663
886,atb_antitbp_subsampled,TriMean,13.835862944162436,0.18160960143775778,0.013126004656932633
887,atb_antitbp_subsampled,TriStd,10.036675141762021,0.2523506587125004,0.02514285409741758
888,atb_antitbp_subsampled,TriMed,10.0,0.0,0.0
889,atb_antitbp_subsampled,TriMin,1.42,0.8146164741766522,0.5736735733638396
890,atb_antitbp_subsampled,TriMax,56.84,0.9971960689854327,0.01754391395118636
891,atb_antitbp_subsampled,NTriEntr,0.4522140281183602,0.02782942713403314,0.06154038885045204
892,atb_antitbp_subsampled,NTriMean,0.9746403444628163,0.0020289660191149124,0.002081758702727619
893,atb_antitbp_subsampled,NTriStd,0.0874933300895057,0.005633412451128222,0.0643867646295465
894,atb_antitbp_subsampled,NTriMed,1.0,0.0,0.0
895,atb_antitbp_subsampled,NTriMin,0.26037439613526564,0.028674404839804216,0.11012759036763253
896,atb_iantitb_subsampled,LevEntr,1.9448951473244267,0.029666212010056463,0.015253373453508783
897,atb_iantitb_subsampled,LevMean,17.916623077121287,0.32581160956432276,0.018184878264273438
898,atb_iantitb_subsampled,LevStd,10.134257319342897,0.27693585894342176,0.027326704879976172
899,atb_iantitb_subsampled,LevMed,14.97,0.4348562981031781,0.029048516907359927
900,atb_iantitb_subsampled,LevMax,58.48,1.2204917041913885,0.020870241179743308
901,atb_iantitb_subsampled,LenEntr,2.199734226963222,0.02621245502993263,0.011916191832919497
902,atb_iantitb_subsampled,LenMean,15.729365482233504,0.24655911194156685,0.01567508315704522
903,atb_iantitb_subsampled,LenStd,10.201590091447281,0.26485757243988267,0.02596238136071862
904,atb_iantitb_subsampled,LenMed,12.0,0.0,0.0
905,atb_iantitb_subsampled,LenMin,5.0,0.0,0.0
906,atb_iantitb_subsampled,LenMax,60.62,0.9568698971124551,0.015784722816107804
907,atb_iantitb_subsampled,ShEntrEntr,2.310414601747801,0.03617944604935213,0.015659287307993472
908,atb_iantitb_subsampled,ShEntrMean,2.6671400684958075,0.013873705596931896,0.005201716160620045
909,atb_iantitb_subsampled,ShEntrStd,0.631492907785182,0.010025757696792273,0.015876279168289226
910,atb_iantitb_subsampled,ShEntrMed,2.714196735759411,0.017293433890182425,0.006371473984307131
911,atb_iantitb_subsampled,ShEntrMin,0.18184211076839454,0.33548178390615274,1.8449070047005958
912,atb_iantitb_subsampled,ShEntrMax,4.021100093548738,0.010081445133163353,0.0025071360818243607
913,atb_iantitb_subsampled,TriEntr,2.3251328789757726,0.05503659778806995,0.02367030215164035
914,atb_iantitb_subsampled,TriMean,13.286598984771574,0.2390845915854305,0.017994416167708315
915,atb_iantitb_subsampled,TriStd,10.042310842325051,0.2640991550128711,0.02629864372448816
916,atb_iantitb_subsampled,TriMed,9.985,0.11079259903080169,0.011095903758718247
917,atb_iantitb_subsampled,TriMin,1.46,0.8416650165000326,0.5764828880137209
918,atb_iantitb_subsampled,TriMax,56.8,0.5291502622129183,0.009316025743185182
919,atb_iantitb_subsampled,NTriEntr,0.5280323607064843,0.02786318641583129,0.052767952287150664
920,atb_iantitb_subsampled,NTriMean,0.970088679434909,0.0021166031401054063,0.0021818656221597793
921,atb_iantitb_subsampled,NTriStd,0.09425912458713227,0.005302047535419428,0.05624970058488358
922,atb_iantitb_subsampled,NTriMed,1.0,0.0,0.0
923,atb_iantitb_subsampled,NTriMin,0.26179951690821257,0.03300919512534252,0.1260857755398976
924,avp_amppred_subsampled,LevEntr,1.4135659461448262,0.025118020244384764,0.017769259589825538
925,avp_amppred_subsampled,LevMean,25.473650778757737,0.15552754250235692,0.0061054280696997715
926,avp_amppred_subsampled,LevStd,9.363045852397576,0.3278126116628765,0.03501132183165953
927,avp_amppred_subsampled,LevMed,26.05,0.21794494717703367,0.008366408720807433
928,avp_amppred_subsampled,LevMax,93.38,1.046709128650362,0.01120913609606299
929,avp_amppred_subsampled,LenEntr,2.268701659008072,0.033689265281637404,0.014849579338857236
930,avp_amppred_subsampled,LenMean,24.631909246575344,0.13673340606174975,0.005551068116279303
931,avp_amppred_subsampled,LenStd,10.525173074767851,0.22648759661544307,0.02151865769869429
932,avp_amppred_subsampled,LenMed,21.58,0.4833218389437829,0.02239674879257567
933,avp_amppred_subsampled,LenMin,10.0,0.0,0.0
934,avp_amppred_subsampled,LenMax,97.76,0.6499230723708769,0.006648149267296203
935,avp_amppred_subsampled,ShEntrEntr,2.828424027863075,0.013808032470857797,0.004881882042732473
936,avp_amppred_subsampled,ShEntrMean,3.2145171607101366,0.006876162695393695,0.0021390965895091516
937,avp_amppred_subsampled,ShEntrStd,0.46344337326995094,0.007360389136357535,0.01588196004276489
938,avp_amppred_subsampled,ShEntrMed,3.316749383122951,0.006041297483231983,0.0018214513022818987
939,avp_amppred_subsampled,ShEntrMin,0.9883302274670588,0.006016701870397535,0.00608774446352555
940,avp_amppred_subsampled,ShEntrMax,4.168200657202913,0.007666149191497269,0.0018391986907467328
941,avp_amppred_subsampled,TriEntr,2.2559840493582475,0.017324758598515844,0.007679468568691415
942,avp_amppred_subsampled,TriMean,22.037654109589038,0.13782528715384265,0.0062540816036254976
943,avp_amppred_subsampled,TriStd,10.463002820532488,0.211859300429564,0.020248422375822504
944,avp_amppred_subsampled,TriMed,19.085,0.27436289836637895,0.014375839579060986
945,avp_amppred_subsampled,TriMin,2.1,0.4358898943540675,0.20756661635907975
946,avp_amppred_subsampled,TriMax,94.8,0.4898979485566356,0.005167699879289406
947,avp_amppred_subsampled,NTriEntr,0.37319517022701393,0.01647227970540497,0.044138512551984296
948,avp_amppred_subsampled,NTriMean,0.9714412790419883,0.0013782312846682915,0.0014187489397480305
949,avp_amppred_subsampled,NTriStd,0.09844761962393499,0.003853918249434821,0.039146891150406656
950,avp_amppred_subsampled,NTriMed,1.0,0.0,0.0
951,avp_amppred_subsampled,NTriMin,0.15820707070707068,0.02664303832338743,0.16840611613825096
952,avp_avppred_subsampled,LevEntr,1.4451661564759366,0.15225174111051845,0.10535241254319644
953,avp_avppred_subsampled,LevMean,22.932196114872344,0.1452241826862483,0.0063327638556197954
954,avp_avppred_subsampled,LevStd,8.178782497030175,0.25712977946338056,0.03143863766480497
955,avp_avppred_subsampled,LevMed,21.72,0.5844655678480984,0.02690909612560306
956,avp_avppred_subsampled,LevMax,88.31,16.863389339038577,0.19095673580612135
957,avp_avppred_subsampled,LenEntr,2.127385530865643,0.0581191221305738,0.02731950616723658
958,avp_avppred_subsampled,LenMean,21.708972520908006,0.14702080949704296,0.006772352277632974
959,avp_avppred_subsampled,LenStd,9.74496072410488,0.1657016821779995,0.017003832736659896
960,avp_avppred_subsampled,LenMed,20.0,0.0,0.0
961,avp_avppred_subsampled,LenMin,6.0,0.0,0.0
962,avp_avppred_subsampled,LenMax,91.12,17.228046900330863,0.18906987379643175
963,avp_avppred_subsampled,ShEntrEntr,2.6114766315628914,0.02582785837635153,0.009890135743199939
964,avp_avppred_subsampled,ShEntrMean,3.082165546880798,0.009052028504119814,0.0029369053564564742
965,avp_avppred_subsampled,ShEntrStd,0.5497673707612154,0.009634507050047519,0.017524697831207133
966,avp_avppred_subsampled,ShEntrMed,3.2274233865618047,0.008941443816284528,0.0027704588909885502
967,avp_avppred_subsampled,ShEntrMin,0.16763650176548026,0.37041317482130176,2.2096212395287367
968,avp_avppred_subsampled,ShEntrMax,4.0315704029211545,0.033310086437247054,0.008262310491492736
969,avp_avppred_subsampled,TriEntr,2.2136251218452,0.03867649284174387,0.017472015681455812
970,avp_avppred_subsampled,TriMean,19.024456391875745,0.14653878381299013,0.007702652879772609
971,avp_avppred_subsampled,TriStd,9.831235863022396,0.1576740216448249,0.016038067221830595
972,avp_avppred_subsampled,TriMed,17.63,0.4828043081829324,0.027385383334255952
973,avp_avppred_subsampled,TriMin,1.17,0.37563279941985894,0.3210536747178282
974,avp_avppred_subsampled,TriMax,85.96,17.533921409656198,0.20397768042875988
975,avp_avppred_subsampled,NTriEntr,0.8317005645758495,0.40905434044849576,0.49182885989395136
976,avp_avppred_subsampled,NTriMean,0.9609765014034121,0.0018891097917253135,0.001965823086169593
977,avp_avppred_subsampled,NTriStd,0.12430568712573406,0.00429648152568912,0.03456383714240901
978,avp_avppred_subsampled,NTriMed,1.0,0.0,0.0
979,avp_avppred_subsampled,NTriMin,0.14690476190476187,0.008943638081425212,0.06088051854454765
980,bce_ibce_subsampled,LevEntr,1.1436201052818182,0.05210126020322376,0.04555818839017755
981,bce_ibce_subsampled,LevMean,15.596614256313057,0.04029867927888795,0.0025838094484241167
982,bce_ibce_subsampled,LevStd,3.158029746078609,0.0731817637547204,0.023173234465442165
983,bce_ibce_subsampled,LevMed,15.0,0.0,0.0
984,bce_ibce_subsampled,LevMax,45.79,1.2271511724314983,0.02679954515028387
985,bce_ibce_subsampled,LenEntr,1.9982760938876996,0.011618638930268205,0.005814331145634552
986,bce_ibce_subsampled,LenMean,16.23918073485601,0.036151765276224976,0.0022262062271792018
987,bce_ibce_subsampled,LenStd,3.4309793274686116,0.059043566860749346,0.017208954419527762
988,bce_ibce_subsampled,LenMed,15.0,0.0,0.0
989,bce_ibce_subsampled,LenMin,11.0,0.0,0.0
990,bce_ibce_subsampled,LenMax,48.79,1.2906974858579374,0.02645413990280667
991,bce_ibce_subsampled,ShEntrEntr,2.9554843343109343,0.02298201872449404,0.007776058379904171
992,bce_ibce_subsampled,ShEntrMean,3.1296696743556525,0.003540519304038636,0.0011312757167471902
993,bce_ibce_subsampled,ShEntrStd,0.3443132760518307,0.003934756182531612,0.011427837542747841
994,bce_ibce_subsampled,ShEntrMed,3.1870443789613216,0.0035967259764432703,0.0011285459343416695
995,bce_ibce_subsampled,ShEntrMin,0.9408061869515183,0.10094975105962359,0.10730132567126255
996,bce_ibce_subsampled,ShEntrMax,4.021446897828892,0.009416671458264317,0.0023416127820432516
997,bce_ibce_subsampled,TriEntr,2.0694960452886373,0.011367355711726156,0.005492813449730814
998,bce_ibce_subsampled,TriMean,14.11422542204568,0.03578334616791865,0.002535268149538475
999,bce_ibce_subsampled,TriStd,3.4390810876282996,0.05901484721838958,0.017160062736144472
1000,bce_ibce_subsampled,TriMed,13.0,0.0,0.0
1001,bce_ibce_subsampled,TriMin,4.05,0.2598076211353316,0.06415002990995843
1002,bce_ibce_subsampled,TriMax,46.65,1.3143439428094916,0.028174575408563593
1003,bce_ibce_subsampled,NTriEntr,0.16302778935422027,0.021655729046082157,0.13283458686316021
1004,bce_ibce_subsampled,NTriMean,0.9918919534284346,0.0004248786493099352,0.0004283517452091019
1005,bce_ibce_subsampled,NTriStd,0.04390535436556911,0.002575526364680225,0.058660871820680964
1006,bce_ibce_subsampled,NTriMed,1.0,0.0,0.0
1007,bce_ibce_subsampled,NTriMin,0.19025974025974032,0.043165947674338324,0.2268790423838942
1008,bitter_subsampled,LevEntr,1.4682143797331626,0.1489658402901594,0.10146055122906021
1009,bitter_subsampled,LevMean,6.253195419311523,0.08915786105028688,0.014257968138168814
1010,bitter_subsampled,LevStd,3.7805244926987034,0.19116227513749057,0.05056501432716035
1011,bitter_subsampled,LevMed,5.93,0.25514701644346144,0.04302647832098844
1012,bitter_subsampled,LevMax,36.74,4.869537965762254,0.1325404998846558
1013,bitter_subsampled,LenEntr,1.9810151850158875,0.023078656199862994,0.011649913829246041
1014,bitter_subsampled,LenMean,5.312265625,0.0677215106367961,0.012748140890789154
1015,bitter_subsampled,LenStd,3.742795405190202,0.13394483501629365,0.035787378286975
1016,bitter_subsampled,LenMed,4.0,0.0,0.0
1017,bitter_subsampled,LenMin,2.0,0.0,0.0
1018,bitter_subsampled,LenMax,36.74,4.869537965762254,0.1325404998846558
1019,bitter_subsampled,ShEntrEntr,1.904336505825565,0.06510942732754958,0.03419008517054261
1020,bitter_subsampled,ShEntrMean,1.726824796378064,0.014186518992904483,0.00821537831901653
1021,bitter_subsampled,ShEntrStd,0.7742497555966456,0.009250251532578442,0.01194737417185246
1022,bitter_subsampled,ShEntrMed,1.5849625007211563,2.220446049250313e-16,1.4009454786722162e-16
1023,bitter_subsampled,ShEntrMin,0.0,0.0,
1024,bitter_subsampled,ShEntrMax,3.6880331797137287,0.024024812037743173,0.00651426136019959
1025,bitter_subsampled,TriEntr,1.9677555122240948,0.023068696369525347,0.01172335497281951
1026,bitter_subsampled,TriMean,3.269765625,0.06738778287827847,0.02060936183408512
1027,bitter_subsampled,TriStd,3.704280288168115,0.13598875312411796,0.03671124821695627
1028,bitter_subsampled,TriMed,2.0,0.0,0.0
1029,bitter_subsampled,TriMin,0.0,0.0,
1030,bitter_subsampled,TriMax,34.74,4.869537965762254,0.14017092589989216
1031,bitter_subsampled,NTriEntr,0.6164345110954571,0.020369226675124464,0.033043618273296535
1032,bitter_subsampled,NTriMean,0.7789403909892191,0.008410239793289791,0.010797026178869948
1033,bitter_subsampled,NTriStd,0.41020061771427957,0.005711344197436107,0.013923294970302254
1034,bitter_subsampled,NTriMed,1.0,0.0,0.0
1035,bitter_subsampled,NTriMin,0.0,0.0,
1036,blood_brain_barrier_subsampled,LevEntr,2.2188392031945314,0.019939809503043197,0.008986595096361754
1037,blood_brain_barrier_subsampled,LevMean,22.480443213296397,0.36424532539189935,0.016202764417761167
1038,blood_brain_barrier_subsampled,LevStd,10.020867071410935,0.2116949824597509,0.02112541569019579
1039,blood_brain_barrier_subsampled,LevMed,21.48,0.5912698199637794,0.027526527931274643
1040,blood_brain_barrier_subsampled,LevMax,50.95,0.32787192621510003,0.006435170288814524
1041,blood_brain_barrier_subsampled,LenEntr,2.053958153895837,0.016415125288829817,0.00799194728368467
1042,blood_brain_barrier_subsampled,LenMean,19.716421052631578,0.3217811234562127,0.01632046316099869
1043,blood_brain_barrier_subsampled,LenStd,11.706147624656616,0.2258091765319454,0.01928979402722757
1044,blood_brain_barrier_subsampled,LenMed,17.13,0.35085609585697664,0.02048196706695719
1045,blood_brain_barrier_subsampled,LenMin,5.0,0.0,0.0
1046,blood_brain_barrier_subsampled,LenMax,52.81,0.4624932431938871,0.008757683075059404
1047,blood_brain_barrier_subsampled,ShEntrEntr,2.0073345583328823,0.056956090755823405,0.028373990035386123
1048,blood_brain_barrier_subsampled,ShEntrMean,2.9654379492921885,0.018675356868438558,0.00629767244763834
1049,blood_brain_barrier_subsampled,ShEntrStd,0.5664932838174561,0.013650939245746766,0.024097265820622816
1050,blood_brain_barrier_subsampled,ShEntrMed,3.0222783398188553,0.01687323928013068,0.005582953448669457
1051,blood_brain_barrier_subsampled,ShEntrMin,1.0915663743436606,0.18238214976153147,0.16708296815316853
1052,blood_brain_barrier_subsampled,ShEntrMax,3.972342620576746,0.019147918192450104,0.004820308825644554
1053,blood_brain_barrier_subsampled,TriEntr,2.0688748405373114,0.024206320593705314,0.011700234407325793
1054,blood_brain_barrier_subsampled,TriMean,17.299842105263156,0.32916199734874463,0.019026878704783277
1055,blood_brain_barrier_subsampled,TriStd,11.630917111929882,0.22475370259332184,0.019323816035348666
1056,blood_brain_barrier_subsampled,TriMed,14.77,0.4026164427839479,0.02725906857034177
1057,blood_brain_barrier_subsampled,TriMin,2.21,0.4073082370883261,0.18430236972322447
1058,blood_brain_barrier_subsampled,TriMax,49.97,0.298496231131986,0.0059735087278764455
1059,blood_brain_barrier_subsampled,NTriEntr,0.3545934531196338,0.03645922299351743,0.10281978607545443
1060,blood_brain_barrier_subsampled,NTriMean,0.975997580503523,0.0034551263062881712,0.003540097204447629
1061,blood_brain_barrier_subsampled,NTriStd,0.09319868827345529,0.01035621914527737,0.11111979510796412
1062,blood_brain_barrier_subsampled,NTriMed,1.0,0.0,0.0
1063,blood_brain_barrier_subsampled,NTriMin,0.2846590909090909,0.07340548471299956,0.2578715630636312
1064,cpp_cellppdmod_subsampled,LevEntr,1.9984621871706125,0.018126304113955237,0.009070126135145013
1065,cpp_cellppdmod_subsampled,LevMean,17.68807972824896,0.09515894252701171,0.0053798345546259025
1066,cpp_cellppdmod_subsampled,LevStd,6.367454739146787,0.06599698065523939,0.010364734946523187
1067,cpp_cellppdmod_subsampled,LevMed,16.68,0.466476151587624,0.027966196138346763
1068,cpp_cellppdmod_subsampled,LevMax,40.72,0.511468474101777,0.012560620680299043
1069,cpp_cellppdmod_subsampled,LenEntr,2.7332973451211275,0.030561166919944545,0.01118106194135648
1070,cpp_cellppdmod_subsampled,LenMean,16.879547008547007,0.09370579816081893,0.005551440338616358
1071,cpp_cellppdmod_subsampled,LenStd,7.251682757990639,0.06605326076669879,0.009108680422335714
1072,cpp_cellppdmod_subsampled,LenMed,16.0,0.0,0.0
1073,cpp_cellppdmod_subsampled,LenMin,3.0,0.0,0.0
1074,cpp_cellppdmod_subsampled,LenMax,40.94,0.34117444218463966,0.008333523258051775
1075,cpp_cellppdmod_subsampled,ShEntrEntr,2.649988334753687,0.03509504746477967,0.013243472435150063
1076,cpp_cellppdmod_subsampled,ShEntrMean,2.4650032655515317,0.010560622815675732,0.004284222647191037
1077,cpp_cellppdmod_subsampled,ShEntrStd,0.7924528110308755,0.010543994891792254,0.013305517685117329
1078,cpp_cellppdmod_subsampled,ShEntrMed,2.6512471347379307,0.006932204293551176,0.0026146956286051425
1079,cpp_cellppdmod_subsampled,ShEntrMin,0.0,0.0,
1080,cpp_cellppdmod_subsampled,ShEntrMax,3.8541266421909715,0.014918347977774055,0.003870746698996211
1081,cpp_cellppdmod_subsampled,TriEntr,2.687239548750894,0.036326548756131366,0.013518165424819305
1082,cpp_cellppdmod_subsampled,TriMean,13.270435897435897,0.09545367831837255,0.007192957266521745
1083,cpp_cellppdmod_subsampled,TriStd,7.270890831401074,0.06506052454957484,0.00894808161176007
1084,cpp_cellppdmod_subsampled,TriMed,12.53,0.4838388161361178,0.03861443065731188
1085,cpp_cellppdmod_subsampled,TriMin,1.0,0.0,0.0
1086,cpp_cellppdmod_subsampled,TriMax,38.94,0.34117444218463966,0.008761541915373386
1087,cpp_cellppdmod_subsampled,NTriEntr,1.8934168916278884,0.015526231677474998,0.008200112582774166
1088,cpp_cellppdmod_subsampled,NTriMean,0.8864577455941105,0.002935117128758372,0.003311062646072583
1089,cpp_cellppdmod_subsampled,NTriStd,0.2227029732683652,0.00368798599372466,0.016560111163313938
1090,cpp_cellppdmod_subsampled,NTriMed,1.0,0.0,0.0
1091,cpp_cellppdmod_subsampled,NTriMin,0.0826015325670498,0.011381331905404496,0.1377859653653033
1092,cpp_cellppd_subsampled,LevEntr,1.7988377335722325,0.04289556613627211,0.023846267695912568
1093,cpp_cellppd_subsampled,LevMean,20.204373134391048,0.11760481054191725,0.005820760177000256
1094,cpp_cellppd_subsampled,LevStd,7.402206774313799,0.08986064912525997,0.012139710746406466
1095,cpp_cellppd_subsampled,LevMed,19.78,0.4142463035441597,0.02094268470900706
1096,cpp_cellppd_subsampled,LevMax,59.26,2.2163934668736056,0.03740117223883911
1097,cpp_cellppd_subsampled,LenEntr,2.58448435108534,0.018816464948339683,0.007280548996335695
1098,cpp_cellppd_subsampled,LenMean,18.606700232378003,0.10915228828426124,0.005866289396887391
1099,cpp_cellppd_subsampled,LenStd,8.879309498923554,0.08382641299251362,0.009440645469411327
1100,cpp_cellppd_subsampled,LenMed,16.79,0.407308237088326,0.024258977789656105
1101,cpp_cellppd_subsampled,LenMin,3.16,0.36660605559646725,0.11601457455584406
1102,cpp_cellppd_subsampled,LenMax,60.31,2.343906994741899,0.03886431760474049
1103,cpp_cellppd_subsampled,ShEntrEntr,2.6773584153649774,0.02107263247332545,0.007870680426047041
1104,cpp_cellppd_subsampled,ShEntrMean,2.874335725737373,0.008660908942527818,0.00301318626943134
1105,cpp_cellppd_subsampled,ShEntrStd,0.6897995931125049,0.008563325808530472,0.012414222759818025
1106,cpp_cellppd_subsampled,ShEntrMed,2.971743774912304,0.0114470121180618,0.00385195123977322
1107,cpp_cellppd_subsampled,ShEntrMin,0.0,0.0,
1108,cpp_cellppd_subsampled,ShEntrMax,4.103626301742558,0.01619711703645716,0.003947025349159898
1109,cpp_cellppd_subsampled,TriEntr,2.5928183676467818,0.04053162065922878,0.01563226378098166
1110,cpp_cellppd_subsampled,TriMean,15.946065065840433,0.1092128622641865,0.006848891046992004
1111,cpp_cellppd_subsampled,TriStd,8.984325439612338,0.08078056278763672,0.008991277456565765
1112,cpp_cellppd_subsampled,TriMed,14.0,0.0,0.0
1113,cpp_cellppd_subsampled,TriMin,1.0,0.0,0.0
1114,cpp_cellppd_subsampled,TriMax,57.35,2.1511624764298958,0.037509371864514314
1115,cpp_cellppd_subsampled,NTriEntr,0.546281618809062,0.01588641771562437,0.029081003586132078
1116,cpp_cellppd_subsampled,NTriMean,0.956063967151575,0.0015996071088247446,0.001673117242971193
1117,cpp_cellppd_subsampled,NTriStd,0.13396966415855455,0.003503016988628095,0.02614783735280725
1118,cpp_cellppd_subsampled,NTriMed,1.0,0.0,0.0
1119,cpp_cellppd_subsampled,NTriMin,0.0625798319327731,0.008278445513674213,0.13228615766445972
1120,cpp_cppredfl_subsampled,LevEntr,1.8377366713277887,0.021727371549919005,0.011822897093423454
1121,cpp_cppredfl_subsampled,LevMean,21.64807348554625,0.17040459234253377,0.007871582312223195
1122,cpp_cppredfl_subsampled,LevStd,7.6616902144105445,0.1586303908617066,0.020704359798226442
1123,cpp_cppredfl_subsampled,LevMed,20.49,0.4998999899979995,0.024397266471351858
1124,cpp_cppredfl_subsampled,LevMax,57.64,0.9748846085563151,0.016913334638381593
1125,cpp_cppredfl_subsampled,LenEntr,2.31248644131184,0.020262717741951295,0.00876230769615088
1126,cpp_cppredfl_subsampled,LenMean,20.444519621109606,0.14655801218368208,0.00716857206233187
1127,cpp_cppredfl_subsampled,LenStd,8.487116263441024,0.14088380086748425,0.01659972557161179
1128,cpp_cppredfl_subsampled,LenMed,18.0,0.0,0.0
1129,cpp_cppredfl_subsampled,LenMin,10.0,0.0,0.0
1130,cpp_cppredfl_subsampled,LenMax,60.65,1.116915395184434,0.018415752599908228
1131,cpp_cppredfl_subsampled,ShEntrEntr,2.4738837967333085,0.02603010610062933,0.010521959897631944
1132,cpp_cppredfl_subsampled,ShEntrMean,3.0360049062596333,0.010705795536779281,0.0035262774163197425
1133,cpp_cppredfl_subsampled,ShEntrStd,0.6631951719719091,0.008388212590512355,0.012648181025762434
1134,cpp_cppredfl_subsampled,ShEntrMed,3.1748925912115493,0.012995130012818431,0.004093092802191285
1135,cpp_cppredfl_subsampled,ShEntrMin,0.6633066585148873,0.1550751452994394,0.23379102758691644
1136,cpp_cppredfl_subsampled,ShEntrMax,4.1462750284865,0.002176394237856358,0.0005249034911827351
1137,cpp_cppredfl_subsampled,TriEntr,2.5058749680255534,0.04918460406611441,0.019627716743133555
1138,cpp_cppredfl_subsampled,TriMean,16.880527740189446,0.14400661750532778,0.008530931006527385
1139,cpp_cppredfl_subsampled,TriStd,8.381063193712187,0.1430184551013779,0.01706447640302678
1140,cpp_cppredfl_subsampled,TriMed,14.47,0.4990991885387112,0.034491996443587504
1141,cpp_cppredfl_subsampled,TriMin,2.01,0.09949874371066199,0.04950186254261791
1142,cpp_cppredfl_subsampled,TriMax,57.71,0.9305374790947436,0.016124371497049792
1143,cpp_cppredfl_subsampled,NTriEntr,1.268445429596631,0.3755153398409072,0.296043748575232
1144,cpp_cppredfl_subsampled,NTriMean,0.9277148700552792,0.0028657157166326144,0.0030890048323380403
1145,cpp_cppredfl_subsampled,NTriStd,0.1708846365909504,0.004377380241517011,0.02561599643387032
1146,cpp_cppredfl_subsampled,NTriMed,1.0,0.0,0.0
1147,cpp_cppredfl_subsampled,NTriMin,0.07739393939393939,0.023684566233856817,0.30602611030433635
1148,cpp_kelmcpp_subsampled,LevEntr,1.7919052908120998,0.01606221308233011,0.008963762295188403
1149,cpp_kelmcpp_subsampled,LevMean,20.73342684436042,0.1267087444532362,0.006111326670906866
1150,cpp_kelmcpp_subsampled,LevStd,6.224745710612645,0.13048692731504835,0.020962611708391494
1151,cpp_kelmcpp_subsampled,LevMed,20.18,0.3841874542459709,0.019038030438353365
1152,cpp_kelmcpp_subsampled,LevMax,48.91,0.3192177939902474,0.006526636556741922
1153,cpp_kelmcpp_subsampled,LenEntr,2.4327797477289583,0.058712873640795964,0.024134068731707193
1154,cpp_kelmcpp_subsampled,LenMean,20.548279301745634,0.10640507641000553,0.005178296189548393
1155,cpp_kelmcpp_subsampled,LenStd,7.161176128993151,0.12083779474936164,0.016874015185875793
1156,cpp_kelmcpp_subsampled,LenMed,19.175,0.35619517121937516,0.018576019359550205
1157,cpp_kelmcpp_subsampled,LenMin,8.06,0.23748684174075832,0.029464868702327333
1158,cpp_kelmcpp_subsampled,LenMax,48.98,0.19899748742132392,0.004062831511256103
1159,cpp_kelmcpp_subsampled,ShEntrEntr,2.6112624995284452,0.04173131329894892,0.015981278521973553
1160,cpp_kelmcpp_subsampled,ShEntrMean,2.8865841265090673,0.0094058626761008,0.003258475160907892
1161,cpp_kelmcpp_subsampled,ShEntrStd,0.6260415136359881,0.007933550302239824,0.012672562648701261
1162,cpp_kelmcpp_subsampled,ShEntrMed,3.020497213186962,0.006389062989998275,0.0021152355188757484
1163,cpp_kelmcpp_subsampled,ShEntrMin,0.5956931086082373,0.060794636618731177,0.10205697487548625
1164,cpp_kelmcpp_subsampled,ShEntrMax,4.101820318086628,0.02181368180143768,0.005318049087926184
1165,cpp_kelmcpp_subsampled,TriEntr,2.412137284709141,0.01622155278634736,0.006724970792159277
1166,cpp_kelmcpp_subsampled,TriMean,17.203304239401497,0.11768570656230964,0.006840878061830053
1167,cpp_kelmcpp_subsampled,TriStd,7.597357502943055,0.12181656734591666,0.016034070701388937
1168,cpp_kelmcpp_subsampled,TriMed,15.88,0.31717503054307417,0.01997323869918603
1169,cpp_kelmcpp_subsampled,TriMin,2.03,0.17058722109231983,0.08403311383858121
1170,cpp_kelmcpp_subsampled,TriMax,46.94,0.27640549922170515,0.005888485283802837
1171,cpp_kelmcpp_subsampled,NTriEntr,1.7960300549971187,0.025539460554592053,0.014219951655894214
1172,cpp_kelmcpp_subsampled,NTriMean,0.924454039118552,0.002371574754540669,0.0025653787578254483
1173,cpp_kelmcpp_subsampled,NTriStd,0.1627709539571196,0.003348013883219256,0.02056886564725336
1174,cpp_kelmcpp_subsampled,NTriMed,1.0,0.0,0.0
1175,cpp_kelmcpp_subsampled,NTriMin,0.16193333333333332,0.0030250803478769086,0.018681023144567162
1176,cpp_mlcppue_subsampled,LevEntr,1.5617796196553306,0.09661707273125845,0.06186344828381157
1177,cpp_mlcppue_subsampled,LevMean,15.653863155893111,0.23267953591011128,0.014864032832848413
1178,cpp_mlcppue_subsampled,LevStd,6.542287933005183,0.4117664642961898,0.0629392146161696
1179,cpp_mlcppue_subsampled,LevMed,14.99,0.09949874371066199,0.0066376746971755825
1180,cpp_mlcppue_subsampled,LevMax,58.37,5.098342868030748,0.08734526071664808
1181,cpp_mlcppue_subsampled,LenEntr,2.3342852640011147,0.08188769496272794,0.03508041464579491
1182,cpp_mlcppue_subsampled,LenMean,15.524916387959866,0.1918440681544706,0.012357172390522671
1183,cpp_mlcppue_subsampled,LenStd,6.675803478081942,0.32684087235685944,0.04895903143793048
1184,cpp_mlcppue_subsampled,LenMed,15.0,0.0,0.0
1185,cpp_mlcppue_subsampled,LenMin,5.0,0.0,0.0
1186,cpp_mlcppue_subsampled,LenMax,59.69,5.082705972215981,0.08515171674009016
1187,cpp_mlcppue_subsampled,ShEntrEntr,2.072346629272415,0.03447948319530829,0.01663789382928365
1188,cpp_mlcppue_subsampled,ShEntrMean,2.5070380106836625,0.019231413739417207,0.007670970147825103
1189,cpp_mlcppue_subsampled,ShEntrStd,0.7141685815755124,0.016932226451639356,0.023709004972307133
1190,cpp_mlcppue_subsampled,ShEntrMed,2.6543971748592594,0.0255890415421441,0.009640245922692739
1191,cpp_mlcppue_subsampled,ShEntrMin,0.0,0.0,
1192,cpp_mlcppue_subsampled,ShEntrMax,3.871896125223932,0.02285570668256953,0.005902975168593311
1193,cpp_mlcppue_subsampled,TriEntr,2.2917520452445306,0.10552330376761225,0.046044817102520744
1194,cpp_mlcppue_subsampled,TriMean,12.597558528428094,0.1941540303963718,0.01541203638452935
1195,cpp_mlcppue_subsampled,TriStd,6.814699590610653,0.32092130484488934,0.04709250944635289
1196,cpp_mlcppue_subsampled,TriMed,12.71,0.4537620521815371,0.03570118427864178
1197,cpp_mlcppue_subsampled,TriMin,1.0,0.0,0.0
1198,cpp_mlcppue_subsampled,TriMax,56.7,5.036864103785211,0.08883358207734057
1199,cpp_mlcppue_subsampled,NTriEntr,1.2739707671922242,0.2792949027816536,0.21923179869912346
1200,cpp_mlcppue_subsampled,NTriMean,0.9290007851586679,0.004887062053903847,0.005260557506492489
1201,cpp_mlcppue_subsampled,NTriStd,0.17247694762457955,0.007869593112376946,0.04562692708074952
1202,cpp_mlcppue_subsampled,NTriMed,1.0,0.0,0.0
1203,cpp_mlcppue_subsampled,NTriMin,0.07596825396825393,0.01379221685059429,0.18155237392132068
1204,cpp_mlcpp_subsampled,LevEntr,1.8803694161139821,0.02812123641326579,0.014955165815971328
1205,cpp_mlcpp_subsampled,LevMean,21.254841138553083,0.08842551901067297,0.00416025311289118
1206,cpp_mlcpp_subsampled,LevStd,6.213575506179458,0.050016819752948805,0.008049603598315755
1207,cpp_mlcpp_subsampled,LevMed,21.01,0.09949874371066197,0.004735780281326129
1208,cpp_mlcpp_subsampled,LevMax,46.67,0.7355949972641194,0.015761624111080338
1209,cpp_mlcpp_subsampled,LenEntr,2.6186103660380784,0.034392906813004956,0.013134029888165819
1210,cpp_mlcpp_subsampled,LenMean,20.36940867279895,0.08488759900928242,0.004167406151688646
1211,cpp_mlcpp_subsampled,LenStd,7.689805010506705,0.05098508965287507,0.006630218787500245
1212,cpp_mlcpp_subsampled,LenMed,19.0,0.0,0.0
1213,cpp_mlcpp_subsampled,LenMin,5.0,0.0,0.0
1214,cpp_mlcpp_subsampled,LenMax,47.53,1.0531381675734672,0.02215733573687076
1215,cpp_mlcpp_subsampled,ShEntrEntr,2.757708085335754,0.015285179814468976,0.00554271131732494
1216,cpp_mlcpp_subsampled,ShEntrMean,2.935757260985954,0.008278045829583275,0.002819731024629451
1217,cpp_mlcpp_subsampled,ShEntrStd,0.6946101195366431,0.007807796302582049,0.011240544994925258
1218,cpp_mlcpp_subsampled,ShEntrMed,3.101587677827638,0.008671681704134442,0.0027958847548066467
1219,cpp_mlcpp_subsampled,ShEntrMin,0.0,0.0,
1220,cpp_mlcpp_subsampled,ShEntrMax,4.035882220844615,0.012292329345626647,0.0030457601765826936
1221,cpp_mlcpp_subsampled,TriEntr,2.6530055803871018,0.01727583976321164,0.006511799255503606
1222,cpp_mlcpp_subsampled,TriMean,16.93992115637319,0.08891084469529215,0.00524859849550373
1223,cpp_mlcpp_subsampled,TriStd,7.791527673390528,0.049343026493698566,0.006332907815012183
1224,cpp_mlcpp_subsampled,TriMed,15.325,0.44930501889028573,0.029318435164129575
1225,cpp_mlcpp_subsampled,TriMin,1.0,0.0,0.0
1226,cpp_mlcpp_subsampled,TriMax,44.33,1.6189811611010174,0.036521118003632246
1227,cpp_mlcpp_subsampled,NTriEntr,1.5619629084444886,0.16352979967297515,0.10469505952342333
1228,cpp_mlcpp_subsampled,NTriMean,0.9261270877046901,0.002128211121726361,0.002297968766901
1229,cpp_mlcpp_subsampled,NTriStd,0.17763693762931737,0.003083683241930706,0.01735947085715675
1230,cpp_mlcpp_subsampled,NTriMed,1.0,0.0,0.0
1231,cpp_mlcpp_subsampled,NTriMin,0.07178554778554776,0.013086036987093567,0.1822934753689811
1232,cpp_sanders_subsampled,LevEntr,1.8521307095633779,0.06188761084120872,0.0334142782265071
1233,cpp_sanders_subsampled,LevMean,17.784130499405467,0.2577170612871094,0.014491406329689554
1234,cpp_sanders_subsampled,LevStd,5.762227939042691,0.2513993711211729,0.04362884873362701
1235,cpp_sanders_subsampled,LevMed,17.48,0.4995998398718718,0.028581226537292434
1236,cpp_sanders_subsampled,LevMax,41.53,3.112731919070449,0.07495140667157354
1237,cpp_sanders_subsampled,LenEntr,1.9753948530419594,0.06523079410432683,0.03302164830685689
1238,cpp_sanders_subsampled,LenMean,18.294482758620692,0.25307478931987387,0.013833394070713502
1239,cpp_sanders_subsampled,LenStd,6.594674061657741,0.23049461173664695,0.03495163060093772
1240,cpp_sanders_subsampled,LenMed,18.0,0.0,0.0
1241,cpp_sanders_subsampled,LenMin,5.0,0.0,0.0
1242,cpp_sanders_subsampled,LenMax,41.9,2.443358344574124,0.05831404163661393
1243,cpp_sanders_subsampled,ShEntrEntr,1.9127178073816824,0.10606704592981751,0.05545357789867215
1244,cpp_sanders_subsampled,ShEntrMean,2.669508003274997,0.027777298059544684,0.010405399806056783
1245,cpp_sanders_subsampled,ShEntrStd,0.650937512407222,0.020871077684068807,0.032063104808456644
1246,cpp_sanders_subsampled,ShEntrMed,2.8156088664302836,0.025185699946611694,0.008945027928734615
1247,cpp_sanders_subsampled,ShEntrMin,0.1735965987245688,0.38905900707325924,2.241167222927833
1248,cpp_sanders_subsampled,ShEntrMax,3.815822772655923,0.052852215645033014,0.01385080460858153
1249,cpp_sanders_subsampled,TriEntr,1.996617538829206,0.032037435192512634,0.016045854836725028
1250,cpp_sanders_subsampled,TriMean,15.177327586206895,0.27511011469607155,0.018126387081879337
1251,cpp_sanders_subsampled,TriStd,6.9168396580617175,0.20663614549889328,0.029874358191613513
1252,cpp_sanders_subsampled,TriMed,14.23,0.42673176586703737,0.029988177502954138
1253,cpp_sanders_subsampled,TriMin,1.34,0.751265598839718,0.5606459692833716
1254,cpp_sanders_subsampled,TriMax,37.46,1.492782636554967,0.03985004368806639
1255,cpp_sanders_subsampled,NTriEntr,1.49471563579117,0.04441890409908911,0.029717294069502173
1256,cpp_sanders_subsampled,NTriMean,0.9267713055309682,0.00585262430919741,0.006315068533379234
1257,cpp_sanders_subsampled,NTriStd,0.1593385030788675,0.009160129490106634,0.05748848717106788
1258,cpp_sanders_subsampled,NTriMed,1.0,0.0,0.0
1259,cpp_sanders_subsampled,NTriMin,0.17982142857142855,0.08172467310352212,0.45447683155881224
1260,DPPIV_inhibitory_activity_subsampled,LevEntr,1.4272309264043381,0.018576318209178256,0.013015635988198548
1261,DPPIV_inhibitory_activity_subsampled,LevMean,13.837111903069905,0.17949371022567703,0.012971905660881048
1262,DPPIV_inhibitory_activity_subsampled,LevStd,10.024200998734814,0.4036129997696413,0.04026385742071439
1263,DPPIV_inhibitory_activity_subsampled,LevMed,13.0,0.0,0.0
1264,DPPIV_inhibitory_activity_subsampled,LevMax,89.18,1.6575886099994774,0.01858699943933031
1265,DPPIV_inhibitory_activity_subsampled,LenEntr,2.2870003451559415,0.022851239036659286,0.009991795184928645
1266,DPPIV_inhibitory_activity_subsampled,LenMean,10.851937911571026,0.1276836636443488,0.01176597808472571
1267,DPPIV_inhibitory_activity_subsampled,LenStd,9.657046358941521,0.282316081044685,0.029234205838029007
1268,DPPIV_inhibitory_activity_subsampled,LenMed,8.98,0.13999999999999999,0.015590200445434296
1269,DPPIV_inhibitory_activity_subsampled,LenMin,2.0,0.0,0.0
1270,DPPIV_inhibitory_activity_subsampled,LenMax,89.39,1.3776429145464362,0.015411599894243608
1271,DPPIV_inhibitory_activity_subsampled,ShEntrEntr,2.191287311605489,0.015110447856836878,0.006895694497389262
1272,DPPIV_inhibitory_activity_subsampled,ShEntrMean,2.3386367506559718,0.012136782797595584,0.0051896827475200235
1273,DPPIV_inhibitory_activity_subsampled,ShEntrStd,0.9138881274368031,0.007026153695009465,0.00768819889882565
1274,DPPIV_inhibitory_activity_subsampled,ShEntrMed,2.567221045619302,0.023580692119185134,0.009185298694642269
1275,DPPIV_inhibitory_activity_subsampled,ShEntrMin,0.0,0.0,
1276,DPPIV_inhibitory_activity_subsampled,ShEntrMax,4.063760099154114,0.0460709621301143,0.011337028024785258
1277,DPPIV_inhibitory_activity_subsampled,TriEntr,2.2812664291609495,0.023336144440889463,0.010229469097773251
1278,DPPIV_inhibitory_activity_subsampled,TriMean,8.703396048918156,0.1243648833759938,0.014289236371295836
1279,DPPIV_inhibitory_activity_subsampled,TriStd,9.321485990121767,0.26568445421156794,0.028502371241357977
1280,DPPIV_inhibitory_activity_subsampled,TriMed,6.94,0.23748684174075832,0.03422000601451849
1281,DPPIV_inhibitory_activity_subsampled,TriMin,0.0,0.0,
1282,DPPIV_inhibitory_activity_subsampled,TriMax,85.79,2.2373868686483345,0.026079809635719015
1283,DPPIV_inhibitory_activity_subsampled,NTriEntr,0.7958978563278127,0.12549684485307946,0.15767958646365557
1284,DPPIV_inhibitory_activity_subsampled,NTriMean,0.7976239992162114,0.005544140212034887,0.006950819204892105
1285,DPPIV_inhibitory_activity_subsampled,NTriStd,0.3946470801683686,0.004171560886906841,0.010570357913523964
1286,DPPIV_inhibitory_activity_subsampled,NTriMed,1.0,0.0,0.0
1287,DPPIV_inhibitory_activity_subsampled,NTriMin,0.0,0.0,
1288,HemoPI1_subsampled,LevEntr,1.3572462208400453,0.04881374227997663,0.03596528141354055
1289,HemoPI1_subsampled,LevMean,21.08701931154601,0.21475182319509692,0.010184076754627501
1290,HemoPI1_subsampled,LevStd,9.389530787414955,0.4007540319149381,0.042680943381332714
1291,HemoPI1_subsampled,LevMed,19.83,0.375632799419859,0.018942652517390773
1292,HemoPI1_subsampled,LevMax,92.41,4.296731315779473,0.04649638908970321
1293,HemoPI1_subsampled,LenEntr,2.423042747586715,0.050746083380806974,0.02094312344730554
1294,HemoPI1_subsampled,LenMean,20.46233295583239,0.15895806834843115,0.007768325766741238
1295,HemoPI1_subsampled,LenStd,9.611434625968691,0.31224956633323075,0.03248730064600118
1296,HemoPI1_subsampled,LenMed,18.0,0.0,0.0
1297,HemoPI1_subsampled,LenMin,4.18,0.3841874542459709,0.09191087422152415
1298,HemoPI1_subsampled,LenMax,96.38,4.485041805825225,0.046534984497045295
1299,HemoPI1_subsampled,ShEntrEntr,2.615096147865845,0.019825723214526074,0.007581259767716631
1300,HemoPI1_subsampled,ShEntrMean,2.979349970668955,0.009421508487827246,0.0031622698174366636
1301,HemoPI1_subsampled,ShEntrStd,0.5950617686310106,0.008814061293374961,0.01481201071554714
1302,HemoPI1_subsampled,ShEntrMed,3.0928425376045663,0.0058274931948398235,0.0018841868358915124
1303,HemoPI1_subsampled,ShEntrMin,0.8629558332023443,0.02067505355456179,0.02395841450869936
1304,HemoPI1_subsampled,ShEntrMax,4.093537049236954,0.04156836053286011,0.010154631565044358
1305,HemoPI1_subsampled,TriEntr,2.459088431883454,0.03149239871703255,0.012806533636088895
1306,HemoPI1_subsampled,TriMean,17.780736126840313,0.15252781685166827,0.008578262213870045
1307,HemoPI1_subsampled,TriStd,9.600192117980882,0.29468380773773895,0.03069561568312833
1308,HemoPI1_subsampled,TriMed,16.0,0.0,0.0
1309,HemoPI1_subsampled,TriMin,2.18,0.38418745424597095,0.17623277717705088
1310,HemoPI1_subsampled,TriMax,93.46,4.313745472324485,0.04615606112052734
1311,HemoPI1_subsampled,NTriEntr,0.5382174289004177,0.023313487666260888,0.0433161142958349
1312,HemoPI1_subsampled,NTriMean,0.9612286878780187,0.0020734008332628415,0.0021570317858906423
1313,HemoPI1_subsampled,NTriStd,0.11779026693225748,0.004246750029218828,0.03605348845725243
1314,HemoPI1_subsampled,NTriMed,1.0,0.0,0.0
1315,HemoPI1_subsampled,NTriMin,0.13961076604554862,0.02061585571476518,0.14766666138082193
1316,HemoPI2_subsampled,LevEntr,1.4111451596863693,0.05643091810540024,0.03998944950350973
1317,HemoPI2_subsampled,LevMean,20.113042855557296,0.1772869824766295,0.008814528152195756
1318,HemoPI2_subsampled,LevStd,8.862262675469925,0.3762245663438686,0.04245242779648473
1319,HemoPI2_subsampled,LevMed,18.88,0.3249615361854384,0.017211945772533814
1320,HemoPI2_subsampled,LevMax,92.4,5.912698199637792,0.06399024025582026
1321,HemoPI2_subsampled,LenEntr,2.445303440716507,0.02819976745554597,0.011532215996589388
1322,HemoPI2_subsampled,LenMean,19.894143033292227,0.13510414829606293,0.006791151952108234
1323,HemoPI2_subsampled,LenStd,9.252968591061055,0.2751638617517138,0.02973790076598112
1324,HemoPI2_subsampled,LenMed,18.0,0.0,0.0
1325,HemoPI2_subsampled,LenMin,2.41,0.8257723657279892,0.34264413515684194
1326,HemoPI2_subsampled,LenMax,94.39,6.570989271030657,0.06961531169647905
1327,HemoPI2_subsampled,ShEntrEntr,2.658254228785586,0.021125402446255787,0.007947096337699367
1328,HemoPI2_subsampled,ShEntrMean,2.7172430207394336,0.009925441929784923,0.003652761955419044
1329,HemoPI2_subsampled,ShEntrStd,0.6434741555361854,0.0077795477524778296,0.01208991485601375
1330,HemoPI2_subsampled,ShEntrMed,2.798405996927843,0.012682502774212847,0.004532045310128695
1331,HemoPI2_subsampled,ShEntrMin,0.1728479647323349,0.34581745320614,2.0007030672398045
1332,HemoPI2_subsampled,ShEntrMax,4.0607827251118,0.031042693379437204,0.007644509810256482
1333,HemoPI2_subsampled,TriEntr,2.582177523578539,0.037194992679181485,0.014404506405754162
1334,HemoPI2_subsampled,TriMean,16.76080147965475,0.13911470721062308,0.00830000327725907
1335,HemoPI2_subsampled,TriStd,9.244912136063778,0.2654822483995644,0.028716578858974343
1336,HemoPI2_subsampled,TriMed,15.09,0.2861817604250837,0.018964994063955184
1337,HemoPI2_subsampled,TriMin,0.4,0.8,2.0
1338,HemoPI2_subsampled,TriMax,90.93,7.501006599117215,0.08249209940742565
1339,HemoPI2_subsampled,NTriEntr,1.7400705052620875,0.022350715224447783,0.012844718163348987
1340,HemoPI2_subsampled,NTriMean,0.9312285368515296,0.002262818944648685,0.0024299286964500075
1341,HemoPI2_subsampled,NTriStd,0.15444673081286686,0.0034080217966594847,0.022066001518599734
1342,HemoPI2_subsampled,NTriMed,1.0,0.0,0.0
1343,HemoPI2_subsampled,NTriMin,0.026927536231884056,0.05391506151747489,2.0022277958588632
1344,HemoPI3_subsampled,LevEntr,1.477315615652237,0.030616919374465656,0.020724697586675306
1345,HemoPI3_subsampled,LevMean,22.171387342385223,0.14172220851624684,0.0063921218067087456
1346,HemoPI3_subsampled,LevStd,9.665600506765696,0.2465351615540157,0.025506450569878904
1347,HemoPI3_subsampled,LevMed,20.85,0.3570714214271425,0.01712572764638573
1348,HemoPI3_subsampled,LevMax,95.23,2.6565202803667805,0.02789583408974882
1349,HemoPI3_subsampled,LenEntr,2.685164058415267,0.018029499314579648,0.006714487056414838
1350,HemoPI3_subsampled,LenMean,21.710138674884433,0.11580206889024579,0.005334008714749134
1351,HemoPI3_subsampled,LenStd,10.382655126954992,0.1790868045590033,0.01724865194588483
1352,HemoPI3_subsampled,LenMed,20.01,0.09949874371066199,0.004972450960053072
1353,HemoPI3_subsampled,LenMin,2.34,0.751265598839718,0.3210536747178282
1354,HemoPI3_subsampled,LenMax,97.51,2.8442749515474057,0.029169059086733725
1355,HemoPI3_subsampled,ShEntrEntr,2.748720845894927,0.015895855908099426,0.005783001184656153
1356,HemoPI3_subsampled,ShEntrMean,2.8355864008679923,0.007431024647858998,0.0026206306552973703
1357,HemoPI3_subsampled,ShEntrStd,0.6339061142471654,0.005893032249151362,0.009296380200008008
1358,HemoPI3_subsampled,ShEntrMed,2.9318601152887753,0.010085656064646177,0.0034400195330099455
1359,HemoPI3_subsampled,ShEntrMin,0.14730230461381771,0.32560416352845684,2.210448535629452
1360,HemoPI3_subsampled,ShEntrMax,4.039802668066789,0.008204515796746201,0.002030919941114945
1361,HemoPI3_subsampled,TriEntr,2.6578159599449243,0.012835658870689316,0.004829400930738371
1362,HemoPI3_subsampled,TriMean,18.730208012326656,0.11773382115698323,0.006285772217772524
1363,HemoPI3_subsampled,TriStd,10.27419820766844,0.17920489072248824,0.017442226351904868
1364,HemoPI3_subsampled,TriMed,17.265,0.42104037811117356,0.02438693183383571
1365,HemoPI3_subsampled,TriMin,0.34,0.751265598839718,2.2096047024697585
1366,HemoPI3_subsampled,TriMax,94.48,2.974827726104488,0.03148632224920076
1367,HemoPI3_subsampled,NTriEntr,1.659980986256071,0.029463803937132563,0.017749482783887403
1368,HemoPI3_subsampled,NTriMean,0.9466549510950935,0.0016324298088949785,0.0017244190261790514
1369,HemoPI3_subsampled,NTriStd,0.13173815564785382,0.003015353295757254,0.02288898976100382
1370,HemoPI3_subsampled,NTriMed,1.0,0.0,0.0
1371,HemoPI3_subsampled,NTriMin,0.02318840579710145,0.05135427031518532,2.214652907342367
1372,Hemo_HAPPENN_subsampled,LevEntr,2.0080020751701295,0.004447164232192258,0.002214720934397176
1373,Hemo_HAPPENN_subsampled,LevMean,17.442223319649663,0.04996473038845703,0.0028645849484204744
1374,Hemo_HAPPENN_subsampled,LevStd,5.463535468167879,0.02883234391089745,0.005277231946032553
1375,Hemo_HAPPENN_subsampled,LevMed,17.0,0.0,0.0
1376,Hemo_HAPPENN_subsampled,LevMax,35.0,0.0,0.0
1377,Hemo_HAPPENN_subsampled,LenEntr,2.8192434989745108,0.058800542911706825,0.020856851468521717
1378,Hemo_HAPPENN_subsampled,LenMean,17.691468227424753,0.04730443803525827,0.002673855975499446
1379,Hemo_HAPPENN_subsampled,LenStd,6.513895209812941,0.03205084160831411,0.0049203802910477755
1380,Hemo_HAPPENN_subsampled,LenMed,16.87,0.3287856444554719,0.019489368373175574
1381,Hemo_HAPPENN_subsampled,LenMin,7.0,0.0,0.0
1382,Hemo_HAPPENN_subsampled,LenMax,35.0,0.0,0.0
1383,Hemo_HAPPENN_subsampled,ShEntrEntr,2.966795470075041,0.012826762601469484,0.0043234401329138635
1384,Hemo_HAPPENN_subsampled,ShEntrMean,2.6715883778702243,0.004649730096249841,0.0017404365637930274
1385,Hemo_HAPPENN_subsampled,ShEntrStd,0.6220168748801429,0.00342422026704511,0.0055050279266216475
1386,Hemo_HAPPENN_subsampled,ShEntrMed,2.8001772727890857,0.008089739521973609,0.002889009778268757
1387,Hemo_HAPPENN_subsampled,ShEntrMin,0.4875013252596678,0.07078776758810541,0.14520528236595107
1388,Hemo_HAPPENN_subsampled,ShEntrMax,3.957324623850008,0.05769157474378332,0.014578428667713455
1389,Hemo_HAPPENN_subsampled,TriEntr,2.8427953209661667,0.013862277802282358,0.004876284163001596
1390,Hemo_HAPPENN_subsampled,TriMean,14.7852508361204,0.05131373288249226,0.0034706027953974716
1391,Hemo_HAPPENN_subsampled,TriStd,6.636998345578875,0.03034334217926557,0.004571847181411199
1392,Hemo_HAPPENN_subsampled,TriMed,13.005,0.04974937185533098,0.0038254034490835045
1393,Hemo_HAPPENN_subsampled,TriMin,2.0,0.0,0.0
1394,Hemo_HAPPENN_subsampled,TriMax,33.0,0.0,0.0
1395,Hemo_HAPPENN_subsampled,NTriEntr,1.6833807744118063,0.01961690757916187,0.011653280040587523
1396,Hemo_HAPPENN_subsampled,NTriMean,0.9396071536985414,0.0010945591903689822,0.0011649115122852234
1397,Hemo_HAPPENN_subsampled,NTriStd,0.13941882243647974,0.0017368251766775862,0.012457608996582199
1398,Hemo_HAPPENN_subsampled,NTriMed,1.0,0.0,0.0
1399,Hemo_HAPPENN_subsampled,NTriMin,0.1334242424242424,0.0005169309730070282,0.00387434070161979
1400,hem_hemopi_subsampled,LevEntr,1.3726345753004983,0.058893743604472505,0.04290562445695311
1401,hem_hemopi_subsampled,LevMean,21.130657300539063,0.18026843240082202,0.008531132270846264
1402,hem_hemopi_subsampled,LevStd,9.45546535050917,0.3176039565216927,0.03358945802753007
1403,hem_hemopi_subsampled,LevMed,19.82,0.3841874542459709,0.019383827156708926
1404,hem_hemopi_subsampled,LevMax,91.39,5.249561886481576,0.05744131618865933
1405,hem_hemopi_subsampled,LenEntr,2.422050760395385,0.04959695426678543,0.020477256330783518
1406,hem_hemopi_subsampled,LenMean,20.491506228765573,0.14987330411891586,0.007313923263899785
1407,hem_hemopi_subsampled,LenStd,9.664150240742778,0.2440713884832974,0.025255338793712535
1408,hem_hemopi_subsampled,LenMed,18.0,0.0,0.0
1409,hem_hemopi_subsampled,LenMin,4.21,0.4073082370883261,0.09674779978345038
1410,hem_hemopi_subsampled,LenMax,95.4,5.276362383309167,0.055307781795693574
1411,hem_hemopi_subsampled,ShEntrEntr,2.6178872479554496,0.021926601096049984,0.00837568581808651
1412,hem_hemopi_subsampled,ShEntrMean,2.978658005586502,0.009228041042707621,0.0030980532257816576
1413,hem_hemopi_subsampled,ShEntrStd,0.5975178875263437,0.008634981256773125,0.014451418839561386
1414,hem_hemopi_subsampled,ShEntrMed,3.0932196953325253,0.0058695824116055395,0.00189756402381065
1415,hem_hemopi_subsampled,ShEntrMin,0.8628461615011781,0.01966142483312197,0.022786709509045114
1416,hem_hemopi_subsampled,ShEntrMax,4.094058544420225,0.04344800625170238,0.01061245357883743
1417,hem_hemopi_subsampled,TriEntr,2.464007918003705,0.03651819676921671,0.014820649114960269
1418,hem_hemopi_subsampled,TriMean,17.798788221970554,0.15021155317576074,0.008439425836324175
1419,hem_hemopi_subsampled,TriStd,9.65001378226489,0.23123761586027494,0.023962413015953508
1420,hem_hemopi_subsampled,TriMed,16.0,0.0,0.0
1421,hem_hemopi_subsampled,TriMin,2.21,0.4073082370883261,0.18430236972322447
1422,hem_hemopi_subsampled,TriMax,92.52,5.115623129199413,0.0552920787851212
1423,hem_hemopi_subsampled,NTriEntr,0.5425174239751462,0.01801089440106178,0.03319873907291666
1424,hem_hemopi_subsampled,NTriMean,0.9606793886920688,0.0017365822402859632,0.001807660558482741
1425,hem_hemopi_subsampled,NTriStd,0.11906255917665362,0.003657148938692026,0.03071619629195017
1426,hem_hemopi_subsampled,NTriMed,1.0,0.0,0.0
1427,hem_hemopi_subsampled,NTriMin,0.13713043478260867,0.010568348077935753,0.07706785218532733
1428,hiv_apv_subsampled,LevEntr,1.926689817913497,0.020522203123527854,0.010651534529700434
1429,hiv_apv_subsampled,LevMean,12.13293511213383,0.11759310221241066,0.009692057290804176
1430,hiv_apv_subsampled,LevStd,4.5604879280819315,0.065467503875064,0.014355372694210505
1431,hiv_apv_subsampled,LevMed,12.0,0.0,0.0
1432,hiv_apv_subsampled,LevMax,32.61,0.5812916651733447,0.017825564709394198
1433,hiv_apv_subsampled,LenEntr,0.5695011465418304,0.008765104167521022,0.01539084551584343
1434,hiv_apv_subsampled,LenMean,99.25679487179487,0.00820011866305096,8.261518693649792e-05
1435,hiv_apv_subsampled,LenStd,0.4367641284161102,0.0045956280914229925,0.010521990686571872
1436,hiv_apv_subsampled,LenMed,99.0,0.0,0.0
1437,hiv_apv_subsampled,LenMin,99.0,0.0,0.0
1438,hiv_apv_subsampled,LenMax,100.0,0.0,0.0
1439,hiv_apv_subsampled,ShEntrEntr,2.5056242355665237,0.021954107091323855,0.00876193117056118
1440,hiv_apv_subsampled,ShEntrMean,3.914131067532483,0.0008475477424885337,0.00021653535046868994
1441,hiv_apv_subsampled,ShEntrStd,0.03639741379811245,0.0006405326327760011,0.01759830070149706
1442,hiv_apv_subsampled,ShEntrMed,3.91273695151597,0.0009061104121505922,0.0002315796904771542
1443,hiv_apv_subsampled,ShEntrMin,3.7899639134893834,0.004809452095630756,0.001268996804563962
1444,hiv_apv_subsampled,ShEntrMax,4.031087505335456,0.0009550572151093739,0.0002369229677711739
1445,hiv_apv_subsampled,TriEntr,1.287680458181947,0.01687862635080221,0.013107775491625338
1446,hiv_apv_subsampled,TriMean,94.38976495726494,0.018209077758648537,0.00019291368896715353
1447,hiv_apv_subsampled,TriStd,0.8991765614283982,0.01541079029450714,0.017138781142188732
1448,hiv_apv_subsampled,TriMed,94.0,0.0,0.0
1449,hiv_apv_subsampled,TriMin,92.0,0.0,0.0
1450,hiv_apv_subsampled,TriMax,97.0,0.0,0.0
1451,hiv_apv_subsampled,NTriEntr,1.2255058052312986,0.0935185344986501,0.07631015218324458
1452,hiv_apv_subsampled,NTriMean,0.970521609383907,0.00017638936163270937,0.00018174696980181865
1453,hiv_apv_subsampled,NTriStd,0.008222100899144005,0.00014585323775387395,0.017739169044867668
1454,hiv_apv_subsampled,NTriMed,0.9690721649484537,1.1102230246251565e-16,1.145655674347236e-16
1455,hiv_apv_subsampled,NTriMin,0.9484536082474225,1.1102230246251565e-16,1.1705612324852197e-16
1456,hiv_bevirimat_subsampled,LevEntr,1.9559382018715428,0.01966424002522014,0.010053610081547761
1457,hiv_bevirimat_subsampled,LevMean,4.727455775234131,0.059862107130953836,0.012662647727886807
1458,hiv_bevirimat_subsampled,LevStd,1.7913308522550624,0.03281651017447466,0.0183196253964826
1459,hiv_bevirimat_subsampled,LevMed,5.0,0.0,0.0
1460,hiv_bevirimat_subsampled,LevMax,10.65,0.57227615711298,0.053734850433143654
1461,hiv_bevirimat_subsampled,LenEntr,0.5528608267286289,0.02735589631694893,0.04948061970463417
1462,hiv_bevirimat_subsampled,LenMean,20.773306451612907,0.017292511597107575,0.0008324390552552084
1463,hiv_bevirimat_subsampled,LenStd,0.4322757745846236,0.015459024879980549,0.03576195056231227
1464,hiv_bevirimat_subsampled,LenMed,21.0,0.0,0.0
1465,hiv_bevirimat_subsampled,LenMin,19.25,0.4330127018922193,0.02249416633206334
1466,hiv_bevirimat_subsampled,LenMax,21.0,0.0,0.0
1467,hiv_bevirimat_subsampled,ShEntrEntr,1.988606064560753,0.05326918904787556,0.026787200339571406
1468,hiv_bevirimat_subsampled,ShEntrMean,3.4739332222966057,0.004886877872946446,0.0014067276370142046
1469,hiv_bevirimat_subsampled,ShEntrStd,0.13403668816591308,0.003986816134385047,0.0297442154751697
1470,hiv_bevirimat_subsampled,ShEntrMed,3.469790562575397,0.010622963097817401,0.003061557435885316
1471,hiv_bevirimat_subsampled,ShEntrMin,3.0750682254727972,0.018609592350096675,0.006051765679844523
1472,hiv_bevirimat_subsampled,ShEntrMax,3.7843489167243876,0.005899387110151381,0.0015588909056667279
1473,hiv_bevirimat_subsampled,TriEntr,0.6368395204142115,0.02969595971717387,0.046630208655799345
1474,hiv_bevirimat_subsampled,TriMean,18.722419354838713,0.02125057384301979,0.0011350335360118772
1475,hiv_bevirimat_subsampled,TriStd,0.48647966517262675,0.018736673903638357,0.038514814174174516
1476,hiv_bevirimat_subsampled,TriMed,19.0,0.0,0.0
1477,hiv_bevirimat_subsampled,TriMin,17.0,0.0,0.0
1478,hiv_bevirimat_subsampled,TriMax,19.0,0.0,0.0
1479,hiv_bevirimat_subsampled,NTriEntr,0.1852428287878973,0.03181785943500503,0.17176297535078358
1480,hiv_bevirimat_subsampled,NTriMean,0.9973217317487268,0.0005933020928975368,0.0005948953823128141
1481,hiv_bevirimat_subsampled,NTriStd,0.014071701213137762,0.0020564225351896895,0.1461388714869636
1482,hiv_bevirimat_subsampled,NTriMed,1.0,0.0,0.0
1483,hiv_bevirimat_subsampled,NTriMin,0.8973684210526315,0.011470786693528072,0.012782694849092868
1484,hiv_idv_subsampled,LevEntr,1.9261482755447727,0.02030900591961169,0.010543843471171861
1485,hiv_idv_subsampled,LevMean,11.835545291090583,0.11856076427162217,0.010017347013227257
1486,hiv_idv_subsampled,LevStd,4.458593786354426,0.05848828376200981,0.01311810103468359
1487,hiv_idv_subsampled,LevMed,11.78,0.41424630354415964,0.03516522101393545
1488,hiv_idv_subsampled,LevMax,31.61,0.563826214360418,0.017836957113584878
1489,hiv_idv_subsampled,LenEntr,0.5639904764060535,0.009357555179361956,0.01659169005652649
1490,hiv_idv_subsampled,LenMean,99.25169291338581,0.008616652394831953,8.681617554222944e-05
1491,hiv_idv_subsampled,LenStd,0.43387233292419913,0.004913528426796694,0.011324825424291632
1492,hiv_idv_subsampled,LenMed,99.0,0.0,0.0
1493,hiv_idv_subsampled,LenMin,99.0,0.0,0.0
1494,hiv_idv_subsampled,LenMax,100.0,0.0,0.0
1495,hiv_idv_subsampled,ShEntrEntr,2.5366821768635135,0.02125598791621755,0.008379444658100435
1496,hiv_idv_subsampled,ShEntrMean,3.9136194039310386,0.0006601431770963519,0.00016867843010827022
1497,hiv_idv_subsampled,ShEntrStd,0.035696913385703695,0.0005516631047214389,0.015454084188196932
1498,hiv_idv_subsampled,ShEntrMed,3.9128699266838685,0.0007327444602542166,0.00018726522322075058
1499,hiv_idv_subsampled,ShEntrMin,3.7894464256158655,0.003428933107254686,0.0009048638566508858
1500,hiv_idv_subsampled,ShEntrMax,4.0308449814349725,0.0024502202694574905,0.000607867650763691
1501,hiv_idv_subsampled,TriEntr,1.2860755354433115,0.01786937941005908,0.013894502241580614
1502,hiv_idv_subsampled,TriMean,94.34590551181105,0.015592440035107808,0.00016526885772648404
1503,hiv_idv_subsampled,TriStd,0.8962994185834227,0.01604811413836793,0.017904858360537092
1504,hiv_idv_subsampled,TriMed,94.0,0.0,0.0
1505,hiv_idv_subsampled,TriMin,92.0,0.0,0.0
1506,hiv_idv_subsampled,TriMax,97.0,0.0,0.0
1507,hiv_idv_subsampled,NTriEntr,1.2734670802156265,0.0828885662869135,0.06508889595550331
1508,hiv_idv_subsampled,NTriMean,0.9701212702793595,0.00014655443092749488,0.00015106815551553938
1509,hiv_idv_subsampled,NTriStd,0.008174704389974622,0.00014768542743211487,0.018066148986773743
1510,hiv_idv_subsampled,NTriMed,0.9690721649484537,1.1102230246251565e-16,1.145655674347236e-16
1511,hiv_idv_subsampled,NTriMin,0.9484536082474225,1.1102230246251565e-16,1.1705612324852197e-16
1512,hiv_lpv_subsampled,LevEntr,1.9719924342814812,0.016673244408317328,0.0084550245317713
1513,hiv_lpv_subsampled,LevMean,12.957794551308062,0.13385468183348648,0.010330051252431235
1514,hiv_lpv_subsampled,LevStd,4.6029048263754655,0.08312889689889519,0.018060094665123594
1515,hiv_lpv_subsampled,LevMed,12.95,0.21794494717703372,0.016829725650736194
1516,hiv_lpv_subsampled,LevMax,31.86,0.34698703145794946,0.010890992826677635
1517,hiv_lpv_subsampled,LenEntr,0.6013891314794136,0.009583948335134197,0.015936351080302603
1518,hiv_lpv_subsampled,LenMean,99.28945945945944,0.010692504148246778,0.00010769022418349049
1519,hiv_lpv_subsampled,LenStd,0.45335834564492977,0.004955963884978549,0.010931670129350743
1520,hiv_lpv_subsampled,LenMed,99.0,0.0,0.0
1521,hiv_lpv_subsampled,LenMin,99.0,0.0,0.0
1522,hiv_lpv_subsampled,LenMax,100.0,0.0,0.0
1523,hiv_lpv_subsampled,ShEntrEntr,2.4001101119060237,0.034208897644861576,0.014253053422492737
1524,hiv_lpv_subsampled,ShEntrMean,3.915565559576198,0.0009317509691320745,0.0002379607632550846
1525,hiv_lpv_subsampled,ShEntrStd,0.03929735366521018,0.0008111115794317684,0.02064036134193542
1526,hiv_lpv_subsampled,ShEntrMed,3.9146102355927916,0.0016912048864764866,0.0004320238247730394
1527,hiv_lpv_subsampled,ShEntrMin,3.790185760104564,0.004115351058120893,0.0010857913882319475
1528,hiv_lpv_subsampled,ShEntrMax,4.031119719378725,0.0008811116411898669,0.0002185773935103231
1529,hiv_lpv_subsampled,TriEntr,1.3622851692150366,0.01905141773683509,0.013984896971177278
1530,hiv_lpv_subsampled,TriMean,94.46087087087089,0.023351915952343677,0.0002472125837614394
1531,hiv_lpv_subsampled,TriStd,0.9699448814542158,0.018540211135015024,0.019114705886398534
1532,hiv_lpv_subsampled,TriMed,94.0,0.0,0.0
1533,hiv_lpv_subsampled,TriMin,92.0,0.0,0.0
1534,hiv_lpv_subsampled,TriMax,97.0,0.0,0.0
1535,hiv_lpv_subsampled,NTriEntr,1.2462988423353638,0.021068251706741977,0.01690465479953705
1536,hiv_lpv_subsampled,NTriMean,0.9709268810152463,0.00022639176944591735,0.0002331707710154153
1537,hiv_lpv_subsampled,NTriStd,0.008973364994184482,0.00017684683510820677,0.019707973009324687
1538,hiv_lpv_subsampled,NTriMed,0.9690721649484537,1.1102230246251565e-16,1.145655674347236e-16
1539,hiv_lpv_subsampled,NTriMin,0.9484536082474225,1.1102230246251565e-16,1.1705612324852197e-16
1540,hiv_nfv_subsampled,LevEntr,1.9162539895913036,0.016621068758747658,0.008673729499862688
1541,hiv_nfv_subsampled,LevMean,11.974395414042661,0.10161132000992339,0.008485716104778147
1542,hiv_nfv_subsampled,LevStd,4.539138936834345,0.05670720455995616,0.012492943121830176
1543,hiv_nfv_subsampled,LevMed,11.98,0.13999999999999999,0.011686143572621033
1544,hiv_nfv_subsampled,LevMax,32.53,0.6701492371106602,0.020600960255476797
1545,hiv_nfv_subsampled,LenEntr,0.5615094969052014,0.009926289365982088,0.01767786550484279
1546,hiv_nfv_subsampled,LenMean,99.24944444444444,0.00894984631019375,9.017527866570063e-05
1547,hiv_nfv_subsampled,LenStd,0.43256737613949364,0.0052229236127578575,0.012074242998560246
1548,hiv_nfv_subsampled,LenMed,99.0,0.0,0.0
1549,hiv_nfv_subsampled,LenMin,99.0,0.0,0.0
1550,hiv_nfv_subsampled,LenMax,100.0,0.0,0.0
1551,hiv_nfv_subsampled,ShEntrEntr,2.547400676016946,0.02280281782687228,0.008951406051491756
1552,hiv_nfv_subsampled,ShEntrMean,3.91354659243463,0.0006153471855810369,0.00015723517557465118
1553,hiv_nfv_subsampled,ShEntrStd,0.035922563717242575,0.0005675863204458397,0.01580027319078572
1554,hiv_nfv_subsampled,ShEntrMed,3.9124364704244834,0.0006587736775698797,0.0001683793928795489
1555,hiv_nfv_subsampled,ShEntrMin,3.789969213696514,0.0038834050604447195,0.0010246534579781122
1556,hiv_nfv_subsampled,ShEntrMax,4.0307788143991345,0.0023745399487999077,0.0005891020217525577
1557,hiv_nfv_subsampled,TriEntr,1.298684703041904,0.014970041658046256,0.011527079377297652
1558,hiv_nfv_subsampled,TriMean,94.35300766283522,0.016983717528514946,0.0001800018669166884
1559,hiv_nfv_subsampled,TriStd,0.9070562364768913,0.013467599230382054,0.014847590136959675
1560,hiv_nfv_subsampled,TriMed,94.0,0.0,0.0
1561,hiv_nfv_subsampled,TriMin,92.0,0.0,0.0
1562,hiv_nfv_subsampled,TriMax,97.0,0.0,0.0
1563,hiv_nfv_subsampled,NTriEntr,1.2798527215501438,0.041203930304902193,0.03219427486546767
1564,hiv_nfv_subsampled,NTriMean,0.9702162900946609,0.00014477645810336725,0.0001492208073410537
1565,hiv_nfv_subsampled,NTriStd,0.008253680668090492,0.0001324524758931011,0.01604768602269468
1566,hiv_nfv_subsampled,NTriMed,0.9690721649484537,1.1102230246251565e-16,1.145655674347236e-16
1567,hiv_nfv_subsampled,NTriMin,0.9484536082474225,1.1102230246251565e-16,1.1705612324852197e-16
1568,hiv_protease_subsampled,LevEntr,1.0950073196455319,0.002791881978607153,0.0025496468640144997
1569,hiv_protease_subsampled,LevMean,7.2714118183527,0.00394058533932446,0.0005419285054628055
1570,hiv_protease_subsampled,LevStd,0.8595221252526928,0.001936285613916302,0.0022527466798449767
1571,hiv_protease_subsampled,LevMed,7.0,0.0,0.0
1572,hiv_protease_subsampled,LevMax,8.0,0.0,0.0
1573,hiv_protease_subsampled,LenEntr,0.0,0.0,
1574,hiv_protease_subsampled,LenMean,8.0,0.0,0.0
1575,hiv_protease_subsampled,LenStd,0.0,0.0,
1576,hiv_protease_subsampled,LenMed,8.0,0.0,0.0
1577,hiv_protease_subsampled,LenMin,8.0,0.0,0.0
1578,hiv_protease_subsampled,LenMax,8.0,0.0,0.0
1579,hiv_protease_subsampled,ShEntrEntr,2.014399126552048,0.016882712971034528,0.008381016824571342
1580,hiv_protease_subsampled,ShEntrMean,2.4713437906600975,0.006930650211707866,0.00280440553754631
1581,hiv_protease_subsampled,ShEntrStd,0.3869195900140186,0.008810217113221086,0.02277015002755968
1582,hiv_protease_subsampled,ShEntrMed,2.5,0.0,0.0
1583,hiv_protease_subsampled,ShEntrMin,0.10327724420792332,0.21324082294880953,2.0647416048350555
1584,hiv_protease_subsampled,ShEntrMax,3.0,0.0,0.0
1585,hiv_protease_subsampled,TriEntr,0.18379318920047186,0.015201901696791444,0.08271199690762217
1586,hiv_protease_subsampled,TriMean,5.943575197889182,0.006508264695463588,0.0010950083878428847
1587,hiv_protease_subsampled,TriStd,0.3597159190841584,0.030879437236291815,0.08584395518249868
1588,hiv_protease_subsampled,TriMed,6.0,0.0,0.0
1589,hiv_protease_subsampled,TriMin,1.2,0.4242640687119285,0.3535533905932738
1590,hiv_protease_subsampled,TriMax,6.0,0.0,0.0
1591,hiv_protease_subsampled,NTriEntr,0.18379318920047186,0.015201901696791444,0.08271199690762217
1592,hiv_protease_subsampled,NTriMean,0.9905958663148637,0.0010847107825772658,0.0010950083878428858
1593,hiv_protease_subsampled,NTriStd,0.05995265318069306,0.005146572872715305,0.08584395518249872
1594,hiv_protease_subsampled,NTriMed,1.0,0.0,0.0
1595,hiv_protease_subsampled,NTriMin,0.2,0.07071067811865475,0.35355339059327373
1596,hiv_rtv_subsampled,LevEntr,1.9222011124581346,0.026867491325428275,0.013977461125839113
1597,hiv_rtv_subsampled,LevMean,11.97024312891912,0.12352547521400599,0.010319378970305007
1598,hiv_rtv_subsampled,LevStd,4.49280138590072,0.05955625954956509,0.01325592974941295
1599,hiv_rtv_subsampled,LevMed,11.97,0.17058722109231989,0.014251229832274007
1600,hiv_rtv_subsampled,LevMax,32.35,0.8411301920630362,0.026000933294066032
1601,hiv_rtv_subsampled,LenEntr,0.5759326283988403,0.009742596192884017,0.016916208098800668
1602,hiv_rtv_subsampled,LenMean,99.26298969072167,0.009396159297503143,9.465924134240964e-05
1603,hiv_rtv_subsampled,LenStd,0.44012711551754485,0.005093885790076051,0.011573669538824386
1604,hiv_rtv_subsampled,LenMed,99.0,0.0,0.0
1605,hiv_rtv_subsampled,LenMin,99.0,0.0,0.0
1606,hiv_rtv_subsampled,LenMax,100.0,0.0,0.0
1607,hiv_rtv_subsampled,ShEntrEntr,2.531050758175384,0.019789024391849493,0.00781850159580176
1608,hiv_rtv_subsampled,ShEntrMean,3.913248448408899,0.000819379513295638,0.00020938601882760404
1609,hiv_rtv_subsampled,ShEntrStd,0.03607014766011013,0.0005690308054540238,0.015775671638941287
1610,hiv_rtv_subsampled,ShEntrMed,3.9126705207878585,0.0009324688384172619,0.00023832030667113245
1611,hiv_rtv_subsampled,ShEntrMin,3.790287244223835,0.0040150004990164405,0.0010592866029177747
1612,hiv_rtv_subsampled,ShEntrMax,4.031076831697747,0.0009111293728214544,0.0002260262979005833
1613,hiv_rtv_subsampled,TriEntr,1.2826773696634266,0.01594468351708978,0.012430782591318072
1614,hiv_rtv_subsampled,TriMean,94.35938144329897,0.016807601942220207,0.00017812327386143348
1615,hiv_rtv_subsampled,TriStd,0.892426705788443,0.014103658922167434,0.015803716799025085
1616,hiv_rtv_subsampled,TriMed,94.0,0.0,0.0
1617,hiv_rtv_subsampled,TriMin,92.0,0.0,0.0
1618,hiv_rtv_subsampled,TriMax,97.0,0.0,0.0
1619,hiv_rtv_subsampled,NTriEntr,1.331403873262915,0.17196276805287483,0.12915898136261242
1620,hiv_rtv_subsampled,NTriMean,0.9701467418299022,0.00016608010066864785,0.0001711907008576719
1621,hiv_rtv_subsampled,NTriStd,0.008045356665355134,0.00013805372061761337,0.017159428271477317
1622,hiv_rtv_subsampled,NTriMed,0.9690721649484537,1.1102230246251565e-16,1.145655674347236e-16
1623,hiv_rtv_subsampled,NTriMin,0.9484536082474225,1.1102230246251565e-16,1.1705612324852197e-16
1624,hiv_sqv_subsampled,LevEntr,1.9206465379674125,0.01983688889514739,0.010328235051588634
1625,hiv_sqv_subsampled,LevMean,11.970120876585929,0.12683933530917887,0.010596328693495657
1626,hiv_sqv_subsampled,LevStd,4.544496900750612,0.07060188082470104,0.015535686868449566
1627,hiv_sqv_subsampled,LevMed,11.9,0.29999999999999993,0.02521008403361344
1628,hiv_sqv_subsampled,LevMax,32.59,0.6796322535018479,0.020854012074312606
1629,hiv_sqv_subsampled,LenEntr,0.5671948472597336,0.010007182067567762,0.01764328804451428
1630,hiv_sqv_subsampled,LenMean,99.25468627450978,0.009358078089471268,9.428348867669108e-05
1631,hiv_sqv_subsampled,LenStd,0.4355526022665795,0.0052472011018164285,0.012047227073171945
1632,hiv_sqv_subsampled,LenMed,99.0,0.0,0.0
1633,hiv_sqv_subsampled,LenMin,99.0,0.0,0.0
1634,hiv_sqv_subsampled,LenMax,100.0,0.0,0.0
1635,hiv_sqv_subsampled,ShEntrEntr,2.5429375018047464,0.02216026663324084,0.008714436205181406
1636,hiv_sqv_subsampled,ShEntrMean,3.9132688275214544,0.0006633881268082139,0.00016952275860597694
1637,hiv_sqv_subsampled,ShEntrStd,0.035680409532410216,0.0006331684264454978,0.017745548180167627
1638,hiv_sqv_subsampled,ShEntrMed,3.9126213533290097,0.0008842177522382819,0.00022599113800929273
1639,hiv_sqv_subsampled,ShEntrMin,3.789513623499873,0.0032007617424575103,0.0008446365577388767
1640,hiv_sqv_subsampled,ShEntrMax,4.031111665867908,0.0009002757584889149,0.0002233318828926768
1641,hiv_sqv_subsampled,TriEntr,1.297888075890804,0.01604195190438459,0.012360042597181745
1642,hiv_sqv_subsampled,TriMean,94.34256862745099,0.018569145074260985,0.00019682679138818672
1643,hiv_sqv_subsampled,TriStd,0.9069250272341166,0.014166228144486485,0.015620065296565653
1644,hiv_sqv_subsampled,TriMed,94.0,0.0,0.0
1645,hiv_sqv_subsampled,TriMin,92.0,0.0,0.0
1646,hiv_sqv_subsampled,TriMax,97.0,0.0,0.0
1647,hiv_sqv_subsampled,NTriEntr,1.2786499857170641,0.07280341266336654,0.05693771827834382
1648,hiv_sqv_subsampled,NTriMean,0.9700565050762572,0.00017024642625008344,0.00017550155620749144
1649,hiv_sqv_subsampled,NTriStd,0.008217856926950517,0.0001451664564639024,0.017664758312818517
1650,hiv_sqv_subsampled,NTriMed,0.9690721649484537,1.1102230246251565e-16,1.145655674347236e-16
1651,hiv_sqv_subsampled,NTriMin,0.9484536082474225,1.1102230246251565e-16,1.1705612324852197e-16
1652,hiv_v3_subsampled,LevEntr,1.8463855881109392,0.013168510878324506,0.007132048128580433
1653,hiv_v3_subsampled,LevMean,9.846473243587626,0.0679686737455695,0.006902844507279103
1654,hiv_v3_subsampled,LevStd,4.089764236281107,0.06779654966916628,0.016577129084295296
1655,hiv_v3_subsampled,LevMed,9.0,0.0,0.0
1656,hiv_v3_subsampled,LevMax,29.99,0.09949874371066199,0.0033177307005889294
1657,hiv_v3_subsampled,LenEntr,0.6735995999372668,0.01550104091412533,0.023012247803545254
1658,hiv_v3_subsampled,LenMean,34.836466234967624,0.007111106463893497,0.00020412823780489015
1659,hiv_v3_subsampled,LenStd,0.5602981889067903,0.01265487937360157,0.022585972298594745
1660,hiv_v3_subsampled,LenMed,35.0,0.0,0.0
1661,hiv_v3_subsampled,LenMin,32.0,0.0,0.0
1662,hiv_v3_subsampled,LenMax,38.0,0.0,0.0
1663,hiv_v3_subsampled,ShEntrEntr,2.7092527660640364,0.017530610074760016,0.006470643970303382
1664,hiv_v3_subsampled,ShEntrMean,3.693144939888281,0.0015456501612232834,0.00041851868431409025
1665,hiv_v3_subsampled,ShEntrStd,0.11061952992845947,0.0011101775604009983,0.01003599962067258
1666,hiv_v3_subsampled,ShEntrMed,3.6973765109563477,0.004522380819907984,0.0012231323497909723
1667,hiv_v3_subsampled,ShEntrMin,3.32572975784169,0.0017838671712185486,0.0005363836815100188
1668,hiv_v3_subsampled,ShEntrMax,4.101224685314596,0.03532718007162833,0.008613812405383602
1669,hiv_v3_subsampled,TriEntr,0.9322851145223994,0.013089203213095951,0.014039914409446968
1670,hiv_v3_subsampled,TriMean,32.57616096207215,0.008846928476525948,0.00027157676703606264
1671,hiv_v3_subsampled,TriStd,0.6624320685725816,0.010300695252345055,0.015549813695676214
1672,hiv_v3_subsampled,TriMed,33.0,0.0,0.0
1673,hiv_v3_subsampled,TriMin,29.14,0.34698703145794946,0.011907585156415561
1674,hiv_v3_subsampled,TriMax,35.97,0.17058722109231986,0.004742485990890183
1675,hiv_v3_subsampled,NTriEntr,0.6344622783054685,0.010829256529713067,0.01706840091208576
1676,hiv_v3_subsampled,NTriMean,0.99211366485356,0.00018182718203210897,0.0001832725306318076
1677,hiv_v3_subsampled,NTriStd,0.014097902802814944,0.00015372402918763207,0.010904035255296115
1678,hiv_v3_subsampled,NTriMed,1.0,0.0,0.0
1679,hiv_v3_subsampled,NTriMin,0.9393939393939393,1.1102230246251565e-16,1.1818503165364571e-16
1680,isp_il10pred_subsampled,LevEntr,1.1562375610134863,0.04381468491401393,0.0378941892145492
1681,isp_il10pred_subsampled,LevMean,14.811450797339369,0.06031629799110875,0.004072274810644719
1682,isp_il10pred_subsampled,LevStd,3.0753824695703815,0.11716648913746275,0.03809818463126976
1683,isp_il10pred_subsampled,LevMed,14.0,0.0,0.0
1684,isp_il10pred_subsampled,LevMax,39.5,0.9433981132056604,0.02388349653685216
1685,isp_il10pred_subsampled,LenEntr,0.8393195727016,0.023147273896932736,0.027578618025582726
1686,isp_il10pred_subsampled,LenMean,15.736348088531185,0.04579714108949262,0.0029102775835818002
1687,isp_il10pred_subsampled,LenStd,3.024393535167135,0.10343901317915077,0.0342015719767879
1688,isp_il10pred_subsampled,LenMed,15.0,0.0,0.0
1689,isp_il10pred_subsampled,LenMin,8.0,0.0,0.0
1690,isp_il10pred_subsampled,LenMax,41.6,0.8,0.019230769230769232
1691,isp_il10pred_subsampled,ShEntrEntr,2.798961253999626,0.015579432188059045,0.0055661478578156575
1692,isp_il10pred_subsampled,ShEntrMean,3.0874304300993085,0.005220693766178937,0.0016909510625024873
1693,isp_il10pred_subsampled,ShEntrStd,0.3677797834724094,0.005266375868664674,0.014319372910990237
1694,isp_il10pred_subsampled,ShEntrMed,3.1417393968286285,0.0055440097162280195,0.0017646306761866751
1695,isp_il10pred_subsampled,ShEntrMin,1.3970341697091357,0.04548392316172457,0.03255748796122458
1696,isp_il10pred_subsampled,ShEntrMax,3.9202190847806446,0.005758323630965211,0.0014688780158539066
1697,isp_il10pred_subsampled,TriEntr,0.9133551999903325,0.021956937446495364,0.024039866906902997
1698,isp_il10pred_subsampled,TriMean,13.590523138832998,0.046347157168569623,0.00341025556522833
1699,isp_il10pred_subsampled,TriStd,3.0278059724205555,0.09701897156377498,0.032042664704242566
1700,isp_il10pred_subsampled,TriMed,13.0,0.0,0.0
1701,isp_il10pred_subsampled,TriMin,5.02,0.13999999999999999,0.027888446215139442
1702,isp_il10pred_subsampled,TriMax,39.6,0.8,0.020202020202020204
1703,isp_il10pred_subsampled,NTriEntr,0.38056866555070745,0.015174400573968965,0.03987296366612482
1704,isp_il10pred_subsampled,NTriMean,0.989416433652684,0.0006013185831543412,0.0006077507535774595
1705,isp_il10pred_subsampled,NTriStd,0.04346843913131923,0.001814555890803603,0.041744215505916483
1706,isp_il10pred_subsampled,NTriMed,1.0,0.0,0.0
1707,isp_il10pred_subsampled,NTriMin,0.576785714285714,0.01768104919010485,0.030654450608231333
1708,nep_neuropipred_subsampled,LevEntr,2.0792440574215365,0.013129982062812788,0.0063147863839972855
1709,nep_neuropipred_subsampled,LevMean,33.497309418367344,0.37596983957569213,0.01122388174166428
1710,nep_neuropipred_subsampled,LevStd,21.23585475946066,0.22551183072309,0.010619390331939597
1711,nep_neuropipred_subsampled,LevMed,24.8,0.39999999999999997,0.016129032258064516
1712,nep_neuropipred_subsampled,LevMax,97.77,0.42083250825001617,0.004304311222767886
1713,nep_neuropipred_subsampled,LenEntr,2.773589811213055,0.05874316241890103,0.021179470079322645
1714,nep_neuropipred_subsampled,LenMean,28.40501428571429,0.29002033672535055,0.010210180984531672
1715,nep_neuropipred_subsampled,LenStd,21.811117739343164,0.2616328267254374,0.011995388308481821
1716,nep_neuropipred_subsampled,LenMed,20.0,0.0,0.0
1717,nep_neuropipred_subsampled,LenMin,4.0,0.0,0.0
1718,nep_neuropipred_subsampled,LenMax,100.0,0.0,0.0
1719,nep_neuropipred_subsampled,ShEntrEntr,2.73081364719216,0.013442097229377324,0.0049223780770242505
1720,nep_neuropipred_subsampled,ShEntrMean,3.313007779053737,0.006768441516668772,0.002042989925789422
1721,nep_neuropipred_subsampled,ShEntrStd,0.49468104956051917,0.00508646484388449,0.010282311902595357
1722,nep_neuropipred_subsampled,ShEntrMed,3.360462648377054,0.010741244020140796,0.0031963586993976304
1723,nep_neuropipred_subsampled,ShEntrMin,0.8617069562021615,0.11131949903612207,0.12918486758740502
1724,nep_neuropipred_subsampled,ShEntrMax,4.181160731339908,0.005724974843402724,0.0013692309890148808
1725,nep_neuropipred_subsampled,TriEntr,2.7772519822795925,0.05217753443464733,0.01878746860838301
1726,nep_neuropipred_subsampled,TriMean,26.173085714285723,0.2884960983713822,0.011022624596912393
1727,nep_neuropipred_subsampled,TriStd,21.54567284395198,0.2600690202002397,0.012070591718524254
1728,nep_neuropipred_subsampled,TriMed,17.965,0.17684739183827394,0.009843996205859946
1729,nep_neuropipred_subsampled,TriMin,2.0,0.0,0.0
1730,nep_neuropipred_subsampled,TriMax,97.96,0.19595917942265428,0.0020003999532733187
1731,nep_neuropipred_subsampled,NTriEntr,0.1442950157319059,0.05033890841791057,0.3488610341984241
1732,nep_neuropipred_subsampled,NTriMean,0.9938012292831384,0.0003281372261166238,0.00033018396078390844
1733,nep_neuropipred_subsampled,NTriStd,0.027959010614265426,0.0026330673820427405,0.09417598563732009
1734,nep_neuropipred_subsampled,NTriMed,1.0,0.0,0.0
1735,nep_neuropipred_subsampled,NTriMin,0.38214712643678167,0.08671512341907603,0.22691554487829244
1736,neuropeptide_subsampled,LevEntr,1.9243847934232412,0.008810765804688283,0.004578484425152325
1737,neuropeptide_subsampled,LevMean,25.491857301519822,0.19525192911948258,0.007659384202964359
1738,neuropeptide_subsampled,LevStd,19.41193474477699,0.1856698792981847,0.009564728180849741
1739,neuropeptide_subsampled,LevMed,18.0,0.0,0.0
1740,neuropeptide_subsampled,LevMax,98.78,0.4142463035441597,0.0041936252636582275
1741,neuropeptide_subsampled,LenEntr,2.999500016889326,0.01628694740565044,0.005429887419217636
1742,neuropeptide_subsampled,LenMean,20.948257731958762,0.13578014350242765,0.00648169147237867
1743,neuropeptide_subsampled,LenStd,18.37708255329015,0.17576524963698806,0.009564371772684878
1744,neuropeptide_subsampled,LenMed,14.115,0.3070423423568808,0.021752911254472606
1745,neuropeptide_subsampled,LenMin,5.0,0.0,0.0
1746,neuropeptide_subsampled,LenMax,100.0,0.0,0.0
1747,neuropeptide_subsampled,ShEntrEntr,3.0234650637580867,0.018580659806710864,0.006145485201544084
1748,neuropeptide_subsampled,ShEntrMean,3.074407295320134,0.0036535299192443004,0.00118836886862899
1749,neuropeptide_subsampled,ShEntrStd,0.5043841284299729,0.0026974572473818523,0.005348021667094068
1750,neuropeptide_subsampled,ShEntrMed,3.0536284352967367,0.009988764092646388,0.0032711131377959313
1751,neuropeptide_subsampled,ShEntrMin,0.7620068323195585,0.06913762531440959,0.0907309782301476
1752,neuropeptide_subsampled,ShEntrMax,4.154634735363562,0.0032994834298174774,0.0007941693169155934
1753,neuropeptide_subsampled,TriEntr,3.0038141552810775,0.021541085516363148,0.007171244425521882
1754,neuropeptide_subsampled,TriMean,18.741649484536087,0.13406368756814913,0.0071532491138929025
1755,neuropeptide_subsampled,TriStd,18.07015660095818,0.173236876779928,0.009586905116845639
1756,neuropeptide_subsampled,TriMed,12.0,0.0,0.0
1757,neuropeptide_subsampled,TriMin,3.0,0.0,0.0
1758,neuropeptide_subsampled,TriMax,98.0,0.0,0.0
1759,neuropeptide_subsampled,NTriEntr,0.18702316893882834,0.01265930659719372,0.06768844025594677
1760,neuropeptide_subsampled,NTriMean,0.993094949011825,0.00023387311438369517,0.0002354992487036709
1761,neuropeptide_subsampled,NTriStd,0.031912481514073374,0.0012978172619415734,0.04066801453121836
1762,neuropeptide_subsampled,NTriMed,1.0,0.0,0.0
1763,neuropeptide_subsampled,NTriMin,0.3942744020685198,0.028300038113857243,0.07177751831055737
1764,pip_pipel_subsampled,LevEntr,1.3683872040678398,0.010316659758771688,0.007539284003901154
1765,pip_pipel_subsampled,LevMean,14.57942881991215,0.021350501204615024,0.0014644264510181046
1766,pip_pipel_subsampled,LevStd,1.982054137247169,0.016273284871232235,0.008210313010841288
1767,pip_pipel_subsampled,LevMed,14.0,0.0,0.0
1768,pip_pipel_subsampled,LevMax,25.0,0.0,0.0
1769,pip_pipel_subsampled,LenEntr,0.8802270150199786,0.012752790656543339,0.014488070053443982
1770,pip_pipel_subsampled,LenMean,15.622230828814871,0.017497153114345215,0.0011200162963968046
1771,pip_pipel_subsampled,LenStd,1.9736599443915508,0.022284137070446897,0.011290768267233978
1772,pip_pipel_subsampled,LenMed,15.0,0.0,0.0
1773,pip_pipel_subsampled,LenMin,11.0,0.0,0.0
1774,pip_pipel_subsampled,LenMax,25.0,0.0,0.0
1775,pip_pipel_subsampled,ShEntrEntr,3.0513972286812385,0.03608854596607374,0.011826892161683778
1776,pip_pipel_subsampled,ShEntrMean,3.1228249121061187,0.002939106326426588,0.0009411691046246887
1777,pip_pipel_subsampled,ShEntrStd,0.33996265980669077,0.004076498569054904,0.01199101857648978
1778,pip_pipel_subsampled,ShEntrMed,3.189898095464287,4.440892098500626e-16,1.3921736574642076e-16
1779,pip_pipel_subsampled,ShEntrMin,0.9082408950258243,0.016401294951674143,0.0180583092453768
1780,pip_pipel_subsampled,ShEntrMax,3.8743704946320867,0.020610879235425515,0.005319800794472739
1781,pip_pipel_subsampled,TriEntr,1.0188282270482794,0.01867260364772578,0.01832752877472145
1782,pip_pipel_subsampled,TriMean,13.504573973663824,0.01724916015960422,0.0012772828075319493
1783,pip_pipel_subsampled,TriStd,2.0259846570539493,0.023325726652799934,0.011513279022911575
1784,pip_pipel_subsampled,TriMed,13.0,0.0,0.0
1785,pip_pipel_subsampled,TriMin,5.03,0.22158519806160334,0.04405272327268456
1786,pip_pipel_subsampled,TriMax,23.0,0.0,0.0
1787,pip_pipel_subsampled,NTriEntr,0.26453123317599647,0.010230363464695663,0.03867355601782287
1788,pip_pipel_subsampled,NTriMean,0.9916704219941598,0.00041945924116720053,0.0004229825069539796
1789,pip_pipel_subsampled,NTriStd,0.04338007222394071,0.002044032932086672,0.047119168486736765
1790,pip_pipel_subsampled,NTriMed,1.0,0.0,0.0
1791,pip_pipel_subsampled,NTriMin,0.3013675213675213,0.04442175620767909,0.14740060908390398
1792,quorum_sensing_subsampled,LevEntr,2.37577380251874,0.011975612669807121,0.005040720904115895
1793,quorum_sensing_subsampled,LevMean,27.131974673393703,0.5651494217215701,0.020829645778630695
1794,quorum_sensing_subsampled,LevStd,15.78198675640611,0.24458567765658504,0.015497774863947633
1795,quorum_sensing_subsampled,LevMed,23.18,0.9314504817756013,0.04018336849765321
1796,quorum_sensing_subsampled,LevMax,62.79,0.40730823708832603,0.006486832888809142
1797,quorum_sensing_subsampled,LenEntr,1.9767231355117383,0.023026330269841667,0.011648738185016771
1798,quorum_sensing_subsampled,LenMean,22.27170520231214,0.48806352391328467,0.021914061787357723
1799,quorum_sensing_subsampled,LenStd,17.151041764261866,0.30458391666000695,0.017758916388080723
1800,quorum_sensing_subsampled,LenMed,16.86,0.37469987990390385,0.022224192165118853
1801,quorum_sensing_subsampled,LenMin,5.0,0.0,0.0
1802,quorum_sensing_subsampled,LenMax,64.0,0.0,0.0
1803,quorum_sensing_subsampled,ShEntrEntr,2.231299835158124,0.04871183435738028,0.021831146845367043
1804,quorum_sensing_subsampled,ShEntrMean,2.986734126203922,0.0166157352871311,0.005563178570651469
1805,quorum_sensing_subsampled,ShEntrStd,0.5926510509994426,0.012118472063389368,0.020447904450608602
1806,quorum_sensing_subsampled,ShEntrMed,3.010705675171194,0.014969298366013906,0.004972023167014732
1807,quorum_sensing_subsampled,ShEntrMin,0.6151187355172337,0.05004245837323504,0.0813541443037919
1808,quorum_sensing_subsampled,ShEntrMax,4.046471827775039,0.0035813926064274656,0.0008850654987499818
1809,quorum_sensing_subsampled,TriEntr,1.975783917923907,0.02313681963859934,0.011710197369614588
1810,quorum_sensing_subsampled,TriMean,20.062427745664742,0.4829693370535343,0.024073324683145506
1811,quorum_sensing_subsampled,TriStd,16.896001780221926,0.30104185475187534,0.017817342745800848
1812,quorum_sensing_subsampled,TriMed,14.79,0.407308237088326,0.027539434556343882
1813,quorum_sensing_subsampled,TriMin,3.0,0.0,0.0
1814,quorum_sensing_subsampled,TriMax,60.99,0.099498743710662,0.001631394387779341
1815,quorum_sensing_subsampled,NTriEntr,0.4526125488429743,0.039965148335329034,0.08829880752863133
1816,quorum_sensing_subsampled,NTriMean,0.993038744729304,0.0005261641588813216,0.0005298525980723447
1817,quorum_sensing_subsampled,NTriStd,0.024223766479446865,0.0017334521882815498,0.07155997766707055
1818,quorum_sensing_subsampled,NTriMed,1.0,0.0,0.0
1819,quorum_sensing_subsampled,NTriMin,0.7793978494623659,0.01364085190854455,0.01750178284165668
1820,tce_zhao_subsampled,LevEntr,1.7355456633965543,0.00628625210117193,0.0036220609078469325
1821,tce_zhao_subsampled,LevMean,8.09877838744094,0.015404532253443083,0.0019020809703018215
1822,tce_zhao_subsampled,LevStd,1.6946304097677893,0.009827913664589544,0.005799443706392733
1823,tce_zhao_subsampled,LevMed,8.0,0.0,0.0
1824,tce_zhao_subsampled,LevMax,10.0,0.0,0.0
1825,tce_zhao_subsampled,LenEntr,0.0,0.0,
1826,tce_zhao_subsampled,LenMean,10.0,0.0,0.0
1827,tce_zhao_subsampled,LenStd,0.0,0.0,
1828,tce_zhao_subsampled,LenMed,10.0,0.0,0.0
1829,tce_zhao_subsampled,LenMin,10.0,0.0,0.0
1830,tce_zhao_subsampled,LenMax,10.0,0.0,0.0
1831,tce_zhao_subsampled,ShEntrEntr,2.118419593385609,0.03532277852183927,0.01667411811717018
1832,tce_zhao_subsampled,ShEntrMean,2.738798501330887,0.01022777591676301,0.003734402480428167
1833,tce_zhao_subsampled,ShEntrStd,0.2659707018514418,0.008003411173297512,0.03009132629114851
1834,tce_zhao_subsampled,ShEntrMed,2.7219280948873608,1.3322676295501878e-15,4.894573196303776e-16
1835,tce_zhao_subsampled,ShEntrMin,1.9646735533882276,0.02307292990431421,0.011743900081783665
1836,tce_zhao_subsampled,ShEntrMax,3.317928094887362,0.028000000000000025,0.008439001448869728
1837,tce_zhao_subsampled,TriEntr,0.05218961239105627,0.018292455523288998,0.3504999306418259
1838,tce_zhao_subsampled,TriMean,7.990617283950618,0.003649813703480284,0.00045676242194843175
1839,tce_zhao_subsampled,TriStd,0.09270450273314729,0.026215162060325887,0.2827819716134719
1840,tce_zhao_subsampled,TriMed,8.0,0.0,0.0
1841,tce_zhao_subsampled,TriMin,7.05,0.21794494717703367,0.03091417690454378
1842,tce_zhao_subsampled,TriMax,8.0,0.0,0.0
1843,tce_zhao_subsampled,NTriEntr,0.05218961239105627,0.018292455523288998,0.3504999306418259
1844,tce_zhao_subsampled,NTriMean,0.9988271604938272,0.0004562267129350355,0.00045676242194843175
1845,tce_zhao_subsampled,NTriStd,0.011588062841643411,0.003276895257540736,0.2827819716134719
1846,tce_zhao_subsampled,NTriMed,1.0,0.0,0.0
1847,tce_zhao_subsampled,NTriMin,0.88125,0.027243118397129208,0.03091417690454378
1848,toxic_PLPTP_subsampled,LevEntr,1.9997225443228988,0.002921403080957046,0.0014609042085617064
1849,toxic_PLPTP_subsampled,LevMean,32.03281405367095,0.05422299873281556,0.001692732915752109
1850,toxic_PLPTP_subsampled,LevStd,7.503748462680229,0.02434159622744609,0.0032439248661530464
1851,toxic_PLPTP_subsampled,LevMed,33.0,0.0,0.0
1852,toxic_PLPTP_subsampled,LevMax,50.0,0.0,0.0
1853,toxic_PLPTP_subsampled,LenEntr,2.8439198022660905,0.006914574178878895,0.002431353434569156
1854,toxic_PLPTP_subsampled,LenMean,31.618735440931783,0.06466900600396301,0.002045274901166549
1855,toxic_PLPTP_subsampled,LenStd,11.299682111436457,0.03083154602789013,0.002728532159031747
1856,toxic_PLPTP_subsampled,LenMed,32.3,0.4527692569068708,0.0140176240528443
1857,toxic_PLPTP_subsampled,LenMin,11.0,0.0,0.0
1858,toxic_PLPTP_subsampled,LenMax,50.0,0.0,0.0
1859,toxic_PLPTP_subsampled,ShEntrEntr,3.308229453200927,0.006856766259250061,0.002072639264067882
1860,toxic_PLPTP_subsampled,ShEntrMean,3.4258782335860496,0.0018042867693140961,0.0005266640103041412
1861,toxic_PLPTP_subsampled,ShEntrStd,0.37403078634404513,0.0025458769279713247,0.006806597266647318
1862,toxic_PLPTP_subsampled,ShEntrMed,3.501210772377575,0.0013229789877819721,0.00037786328038845083
1863,toxic_PLPTP_subsampled,ShEntrMin,0.8847242637843168,0.04214164989829999,0.047632524192388975
1864,toxic_PLPTP_subsampled,ShEntrMax,4.129777155909631,0.0006743410083731417,0.00016328750509169066
1865,toxic_PLPTP_subsampled,TriEntr,2.967913368039573,0.015707960430168432,0.005292593981792729
1866,toxic_PLPTP_subsampled,TriMean,29.165502495840265,0.06281858040714267,0.0021538658699983716
1867,toxic_PLPTP_subsampled,TriStd,11.164592277579848,0.030816864552297856,0.0027602319714068444
1868,toxic_PLPTP_subsampled,TriMed,30.0,0.0,0.0
1869,toxic_PLPTP_subsampled,TriMin,3.42,0.9293008124391154,0.2717253837541273
1870,toxic_PLPTP_subsampled,TriMax,48.0,0.0,0.0
1871,toxic_PLPTP_subsampled,NTriEntr,0.1755872247970926,0.015457401140425236,0.08803260691822941
1872,toxic_PLPTP_subsampled,NTriMean,0.985980657059845,0.00025203059768469165,0.0002556141399733306
1873,toxic_PLPTP_subsampled,NTriStd,0.04782841292282979,0.001145330733123719,0.02394665980181462
1874,toxic_PLPTP_subsampled,NTriMed,1.0,0.0,0.0
1875,toxic_PLPTP_subsampled,NTriMin,0.12923903901707684,0.0551124867756414,0.42643838266515727
1876,toxic_subsampled,LevEntr,1.8742215286841448,0.004016649167693389,0.0021431026728806184
1877,toxic_subsampled,LevMean,32.661316821223906,0.06312381502240205,0.0019326782005734402
1878,toxic_subsampled,LevStd,6.432064888098767,0.029293511896304247,0.004554293590928468
1879,toxic_subsampled,LevMed,33.0,0.0,0.0
1880,toxic_subsampled,LevMax,50.0,0.0,0.0
1881,toxic_subsampled,LenEntr,2.8485683218220443,0.009854471959774748,0.0034594472894620555
1882,toxic_subsampled,LenMean,33.713096085409255,0.07511483228507115,0.0022280609320121216
1883,toxic_subsampled,LenStd,9.360983964642838,0.03880895087960439,0.004145819608941625
1884,toxic_subsampled,LenMed,34.0,0.0,0.0
1885,toxic_subsampled,LenMin,13.14,0.34698703145794946,0.026406927812629332
1886,toxic_subsampled,LenMax,50.0,0.0,0.0
1887,toxic_subsampled,ShEntrEntr,3.147225936351161,0.008735252713115567,0.0027755403932782363
1888,toxic_subsampled,ShEntrMean,3.4949034095221707,0.0025192645055575665,0.0007208395226871247
1889,toxic_subsampled,ShEntrStd,0.31110560670938897,0.003958604132018722,0.012724309837709053
1890,toxic_subsampled,ShEntrMed,3.5402772487895176,0.0018846822922321928,0.0005323544343530153
1891,toxic_subsampled,ShEntrMin,1.1557557599350985,0.04000910886162561,0.0346172697109226
1892,toxic_subsampled,ShEntrMax,4.128953924888472,0.0012214251566644721,0.0002958195172152386
1893,toxic_subsampled,TriEntr,2.8528514678789763,0.04123277577635038,0.01445317999923982
1894,toxic_subsampled,TriMean,31.26908767389195,0.07518530527461714,0.002404461110561692
1895,toxic_subsampled,TriStd,9.270738213510086,0.039006340763519255,0.004207468689675219
1896,toxic_subsampled,TriMed,31.89,0.31288975694324034,0.009811532045883987
1897,toxic_subsampled,TriMin,9.21,0.4958830507286975,0.05384180789670982
1898,toxic_subsampled,TriMax,48.0,0.0,0.0
1899,toxic_subsampled,NTriEntr,0.17649375127997952,0.012383129722360617,0.0701618591737944
1900,toxic_subsampled,NTriMean,0.9869342514389031,0.00040262040148472764,0.00040795058120409366
1901,toxic_subsampled,NTriStd,0.04382817787095077,0.0021027591973420377,0.04797733557469525
1902,toxic_subsampled,NTriMed,1.0,0.0,0.0
1903,toxic_subsampled,NTriMin,0.2529699559376435,0.026796441943592687,0.10592736929676325
1904,tumor_t_cell_antigens_subsampled,LevEntr,1.1305152185935052,0.04500492267002133,0.03980921435627623
1905,tumor_t_cell_antigens_subsampled,LevMean,9.922534592491434,0.07914022185462356,0.00797580710018491
1906,tumor_t_cell_antigens_subsampled,LevStd,3.7081776585507,0.1821130751234171,0.049111205527998886
1907,tumor_t_cell_antigens_subsampled,LevMed,9.0,0.0,0.0
1908,tumor_t_cell_antigens_subsampled,LevMax,45.47,3.6481639217557094,0.08023232728734792
1909,tumor_t_cell_antigens_subsampled,LenEntr,1.3755493756049872,0.023393990607645028,0.01700701626748658
1910,tumor_t_cell_antigens_subsampled,LenMean,10.316992385786802,0.05172446079587168,0.005013521272646266
1911,tumor_t_cell_antigens_subsampled,LenStd,3.226615183499252,0.1462576897847355,0.045328519661312565
1912,tumor_t_cell_antigens_subsampled,LenMed,9.0,0.0,0.0
1913,tumor_t_cell_antigens_subsampled,LenMin,8.0,0.0,0.0
1914,tumor_t_cell_antigens_subsampled,LenMax,48.05,4.6419284785528525,0.09660621183252555
1915,tumor_t_cell_antigens_subsampled,ShEntrEntr,2.5135562932981714,0.05214115209265172,0.02074397626648518
1916,tumor_t_cell_antigens_subsampled,ShEntrMean,2.7060141726586253,0.005721363597375733,0.002114313980755897
1917,tumor_t_cell_antigens_subsampled,ShEntrStd,0.377571677805832,0.005492651852714263,0.014547308962985527
1918,tumor_t_cell_antigens_subsampled,ShEntrMed,2.7254805569978684,4.440892098500626e-16,1.6293978275127718e-16
1919,tumor_t_cell_antigens_subsampled,ShEntrMin,1.358644450484566,0.019494881720636792,0.014348773671937395
1920,tumor_t_cell_antigens_subsampled,ShEntrMax,3.9574057564221397,0.0625993392635067,0.01581827669854665
1921,tumor_t_cell_antigens_subsampled,TriEntr,1.4153690942123536,0.02407538394461087,0.01700996866687181
1922,tumor_t_cell_antigens_subsampled,TriMean,8.264187817258883,0.05078057379801597,0.006144653887459589
1923,tumor_t_cell_antigens_subsampled,TriStd,3.117406617412886,0.14482995652831004,0.046458474720408274
1924,tumor_t_cell_antigens_subsampled,TriMed,7.0,0.0,0.0
1925,tumor_t_cell_antigens_subsampled,TriMin,5.0,0.0,0.0
1926,tumor_t_cell_antigens_subsampled,TriMax,45.87,5.154910280499555,0.11238086506430249
1927,tumor_t_cell_antigens_subsampled,NTriEntr,0.168716419208347,0.013351670026122479,0.0791367555616183
1928,tumor_t_cell_antigens_subsampled,NTriMean,0.9954569331950442,0.00044325116595762354,0.0004452740758306371
1929,tumor_t_cell_antigens_subsampled,NTriStd,0.03077012087440888,0.00204098287621536,0.0663300246543009
1930,tumor_t_cell_antigens_subsampled,NTriMed,1.0,0.0,0.0
1931,tumor_t_cell_antigens_subsampled,NTriMin,0.5928571428571427,0.051010203061020366,0.08604130636798618
1932,umami_subsampled,LevEntr,1.5768874784561873,0.12624386388024944,0.08005889171232775
1933,umami_subsampled,LevMean,6.132070605509273,0.13893942967273368,0.022657832665511957
1934,umami_subsampled,LevStd,4.149530049244779,0.2841836773317149,0.06848574994255958
1935,umami_subsampled,LevMed,5.1,0.3,0.058823529411764705
1936,umami_subsampled,LevMax,36.43,5.221599371840011,0.14333240109360446
1937,umami_subsampled,LenEntr,1.7288330512075294,0.08400667033500137,0.048591545769168194
1938,umami_subsampled,LenMean,5.109096045197741,0.09953271075094938,0.019481471843635523
1939,umami_subsampled,LenStd,3.9321795688774506,0.20377036623108244,0.051821226030441515
1940,umami_subsampled,LenMed,3.525,0.48153400710645555,0.13660539208693775
1941,umami_subsampled,LenMin,2.0,0.0,0.0
1942,umami_subsampled,LenMax,36.43,5.221599371840011,0.14333240109360446
1943,umami_subsampled,ShEntrEntr,1.7791300945725756,0.036528830001493796,0.020531848746153443
1944,umami_subsampled,ShEntrMean,1.56426913404036,0.01826621405182046,0.011677155582965795
1945,umami_subsampled,ShEntrStd,0.7929843958361462,0.011303903459609773,0.014254887635828701
1946,umami_subsampled,ShEntrMed,1.4972589166262,0.03980503823706578,0.026585273792697907
1947,umami_subsampled,ShEntrMin,0.0,0.0,
1948,umami_subsampled,ShEntrMax,3.666880402601313,0.06587212471696517,0.01796407776764003
1949,umami_subsampled,TriEntr,1.744673630417973,0.10987138029680438,0.06297532007203112
1950,umami_subsampled,TriMean,3.051384180790961,0.09789323347767051,0.032081582546677305
1951,umami_subsampled,TriStd,3.892806511255645,0.20848696623760868,0.05355698148232908
1952,umami_subsampled,TriMed,1.395,0.45986411036305064,0.3296516920165237
1953,umami_subsampled,TriMin,0.0,0.0,
1954,umami_subsampled,TriMax,34.43,5.221599371840011,0.15165841916468228
1955,umami_subsampled,NTriEntr,0.7172458756021441,0.0212197517729305,0.029585045372503588
1956,umami_subsampled,NTriMean,0.731629472693032,0.009709688539298055,0.013271319570489645
1957,umami_subsampled,NTriStd,0.4362443577869623,0.0052191951323001615,0.011963925811618013
1958,umami_subsampled,NTriMed,1.0,0.0,0.0
1959,umami_subsampled,NTriMin,0.0,0.0,
